[  
   {  
      "AdID":"7080",
      "Advertiser":"Healthkart",
      "CSS":"*%7Bfont-family%3A%20font-family%3A%20'Open%20Sans'%3B%7D",
      "JS":"%20%20%20%20%20%20%20%20%20%20%20%20%20currencyformat%3A%20%22%26%23x20B9%3B%20%20%22%2C%0A%20%20%20%20%20%20%20%20%20%20%20%20%20%20%20%20ctatext%3A%20%22Shop%20Now%22%2C%0A%20%20%20%20%20%20%20%20%20%20%20%20%20%20%20%20discountcolor%3A%20%22%23a71c3c%22%2C%0A%20%20%20%20%20%20%20%20%20%20%20%20%20%20%20%20ctacolor%3A%20%22%23fff%22%2C%0A%20%20%20%20%20%20%20%20%20%20%20%20%20%20%20%20ctabg%3A%20%22%23df4723%22%2C%0A%20%20%20%20%20%20%20%20%20%20%20%20%20%20%20%20titlecolor%3A%20%22%23171717%22%2C%0A%20%20%20%20%20%20%20%20%20%20%20%20%20%20%20%20pricecolor%3A%20%22%23000%22%2C%0A%20%20%20%20%20%20%20%20%20%20%20%20%20%20%20%20logo%3A%20%22images%2Flogo.jpg%22%2C%0A%20%20%20%20%20%20%20%20%20%20%20%20%20%20%20%20overlay%3A%20%22images%2Fdefault.jpg%22%2C",
      "AddJS":"",
      "Fallback":"",
      "Fontlink":"%20%20%20%20%3Clink%20href%3D%22https%3A%2F%2Ffonts.googleapis.com%2Fcss%3Ffamily%3DOpen%2BSans%22%20rel%3D%22stylesheet%22%3E",
      "Androidstore":"https%3A%2F%2Fplay.google.com%2Fstore%2Fapps%2Fdetails%3Fid%3Dcom.healthkart.healthkart%26hl%3Den",
      "iosstore":"https%3A%2F%2Fitunes.apple.com%2Fin%2Fapp%2Fhealthkart%2Fid995933852%3Fmt%3D8",
      "MMPAndr":"https%3A%2F%2Fapp.appsflyer.com%2Fcom.healthkart.healthkart%3Faf_prt%3Drevx%26pid%3Drevx_int%26is_retargeting%3Dtrue%26clickid%3Drevx123%26af_reengagement_window%3D30%26advertising_id%3D%7CADVERTISINGID%7C%26af_force_dp%3Dtrue%26af_dp%3D",
      "MMPIOS":"https%3A%2F%2Fapp.appsflyer.com%2Fcom.healthkart.healthkart%3Faf_prt%3Drevx%26pid%3Drevx_int%26is_retargeting%3Dtrue%26clickid%3Drevx123%26af_reengagement_window%3D30%26advertising_id%3D%7CADVERTISINGID%7C%26af_force_dp%3Dtrue%26af_dp%3D",
      "Sample_Data":"%5B%0A%20%20%20%20%20%20%20%20%0A%20%20%20%20%20%20%20%20%7B%0A%20%20%20%20%20%20%20%20%20%20%20%20%22__LARGE_DEFAULT_IMAGE__%22%3A%20%22http%3A%2F%2Fim.berrybenka.biz%2Fassets%2Fupload%2Fproduct%2Fzoom%2F140169_nike-women-air-max-2016-black-blue-806772-040_black_X1Z15.jpg%22%2C%0A%20%20%20%20%20%20%20%20%20%20%20%20%22__TITLE__%22%3A%20%22Nike%20Women%20Air%20Max%202016%20Black%20Blue%20806772-040%22%2C%0A%20%20%20%20%20%20%20%20%20%20%20%20%22__ORIGINAL_PRICE__%22%3A%20%221879000.00%22%2C%0A%20%20%20%20%20%20%20%20%20%20%20%20%22__SALE_PRICE__%22%20%3A%20%22179000.00%22%2C%0A%20%20%20%20%20%20%20%20%20%20%20%20%22__ID__%22%3A%220ba753f1da9ecb6588fa631a33dd40d8%22%2C%0A%22__DEFAULT_IMAGE__%22%3A%22http%3A%2F%2Fim.berrybenka.biz%2Fassets%2Fupload%2Fproduct%2Fzoom%2F140169_nike-women-air-max-2016-black-blue-806772-040_black_X1Z15.jpg%22%0A%20%20%20%20%20%20%20%20%7D%0A%20%20%20%20%20%20%20%20%5D",
      "Single_Sample_Data":"%5B%0A%20%20%20%20%20%20%20%20%0A%20%20%20%20%20%20%20%20%7B%0A%20%20%20%20%20%20%20%20%20%20%20%20%22__LARGE_DEFAULT_IMAGE__%22%3A%20%22http%3A%2F%2Fim.berrybenka.biz%2Fassets%2Fupload%2Fproduct%2Fzoom%2F140169_nike-women-air-max-2016-black-blue-806772-040_black_X1Z15.jpg%22%2C%0A%20%20%20%20%20%20%20%20%20%20%20%20%22__TITLE__%22%3A%20%22Nike%20Women%20Air%20Max%202016%20Black%20Blue%20806772-040%22%2C%0A%20%20%20%20%20%20%20%20%20%20%20%20%22__ORIGINAL_PRICE__%22%3A%20%221879000.00%22%2C%0A%20%20%20%20%20%20%20%20%20%20%20%20%22__SALE_PRICE__%22%20%3A%20%221879000.00%22%2C%0A%20%20%20%20%20%20%20%20%20%20%20%20%22__ID__%22%3A%220ba753f1da9ecb6588fa631a33dd40d8%22%2C%0A%22__DEFAULT_IMAGE__%22%3A%22http%3A%2F%2Fim.berrybenka.biz%2Fassets%2Fupload%2Fproduct%2Fzoom%2F140169_nike-women-air-max-2016-black-blue-806772-040_black_X1Z15.jpg%22%0A%20%20%20%20%20%20%20%20%7D%0A%20%20%20%20%20%20%20%20%5D"
   },
   {  
      "AdID":"7051",
      "Advertiser":"AJIO",
      "CSS":"*%7Bfont-family%3A%20font-family%3A%20'Open%20Sans'%3B%7D",
      "JS":"%20%20%20%20%20%20currencyformat%3A%20%22%26%23x20B9%3B%20%20%22%2C%0A%20%20%20%20%20%20%20%20%20%20%20%20%20%20%20%20ctatext%3A%20%22Shop%20Now%22%2C%0A%20%20%20%20%20%20%20%20%20%20%20%20%20%20%20%20discountcolor%3A%20%22%23a71c3c%22%2C%0A%20%20%20%20%20%20%20%20%20%20%20%20%20%20%20%20ctacolor%3A%20%22%23fff%22%2C%0A%20%20%20%20%20%20%20%20%20%20%20%20%20%20%20%20ctabg%3A%20%22%23df4723%22%2C%0A%20%20%20%20%20%20%20%20%20%20%20%20%20%20%20%20titlecolor%3A%20%22%23000%22%2C%0A%20%20%20%20%20%20%20%20%20%20%20%20%20%20%20%20pricecolor%3A%20%22%23000%22%2C%0A%20%20%20%20%20%20%20%20%20%20%20%20%20%20%20%20logo%3A%20%22images%2Flogo.jpg%22%2C%0A%20%20%20%20%20%20%20%20%20%20%20%20%20%20%20%20overlay%3A%20%22images%2Fdefault.jpg%22%2C",
      "AddJS":"",
      "Fallback":"",
      "Fontlink":"%20%20%20%20%3Clink%20href%3D%22https%3A%2F%2Ffonts.googleapis.com%2Fcss%3Ffamily%3DOpen%2BSans%22%20rel%3D%22stylesheet%22%3E",
      "Androidstore":"https%3A%2F%2Fplay.google.com%2Fstore%2Fapps%2Fdetails%3Fid%3Dcom.ril.ajio%26hl%3Den",
      "iosstore":"https%3A%2F%2Fitunes.apple.com%2Fin%2Fapp%2Fajio-online-shopping-app%2Fid1113425372%3Fmt%3D8",
      "MMPAndr":"https%3A%2F%2Fapp.appsflyer.com%2Fcom.ril.ajio%3Faf_prt%3Drevx%26pid%3Drevx_int%26af_click_lookback%3D7d%26clickid%3D%7CUR_ID%7C%26af_reengagement_window%3D30%26advertising_id%3D%7CADVERTISINGID%7C%26is_retargeting%3Dtrue%26af_force_dp%3Dtrue%26af_dp%3D",
      "MMPIOS":"https%3A%2F%2Fapp.appsflyer.com%2Fid1113425372%3Faf_prt%3Drevx%26pid%3Drevx_int%26af_click_lookback%3D7d%26clickid%3D%7CUR_ID%7C%26af_reengagement_window%3D30%26idfa%3D%7CADVERTISINGID%7C%26is_retargeting%3Dtrue%26af_dp%3Dajioapps%3A%2F%2Fwww.ajio.com%2Fc%2Fonline-fashion-sale",
      "Sample_Data":"%5B%7B%0A%20%20%20%20%20%20%20%20%20%20%20%20%20%20%20%20%22__TITLE__%22%3A%20%22Light%20Peach%20Blended%20Sweatshirt%20with%20Quilted%20Pattern%20by%20Teamspirit%20%22%2C%0A%20%20%20%20%20%20%20%20%20%20%20%20%20%20%20%20%22__SALE_PRICE__%22%3A%20%22699.00%20%22%2C%0A%20%20%20%20%20%20%20%20%20%20%20%20%20%20%20%20%22__ORIGINAL_PRICE__%22%3A%20%22999.00%22%2C%0A%20%20%20%20%20%20%20%20%20%20%20%20%20%20%20%20%22__BRAND__%22%3A%20%22Daisy%20Street%22%2C%0A%20%20%20%20%20%20%20%20%20%20%20%20%20%20%20%20%22__PAGE_LINK__%22%3A%20%22http%3A%2F%2Fwww.ajio.com%2Fteamspirit-sweatshirt-with-quilted-pattern%2Fp%2F440611764006%22%2C%0A%20%20%20%20%20%20%20%20%20%20%20%20%20%20%20%20%22__LARGE_DEFAULT_IMAGE__%22%3A%20%22https%3A%2F%2Fwww.ajio.com%2Fmedias%2Fsys_master%2Froot%2Fh67%2Fhbf%2F8809424551966%2F-473Wx593H-440611764-ltpeach-MODEL.jpg%22%2C%0A%22__DEFAULT_IMAGE__%22%3A%22https%3A%2F%2Fwww.ajio.com%2Fmedias%2Fsys_master%2Froot%2Fh67%2Fhbf%2F8809424551966%2F-473Wx593H-440611764-ltpeach-MODEL.jpg%22%2C%0A%20%20%20%20%20%20%20%20%20%20%20%20%7D%5D",
      "Single_Sample_Data":"%5B%7B%0A%20%20%20%20%20%20%20%20%20%20%20%20%20%20%20%20%22__TITLE__%22%3A%20%22Light%20Peach%20Blended%20Sweatshirt%20with%20Quilted%20Pattern%20by%20Teamspirit%20%22%2C%0A%20%20%20%20%20%20%20%20%20%20%20%20%20%20%20%20%22__SALE_PRICE__%22%3A%20%22999.00%22%2C%0A%20%20%20%20%20%20%20%20%20%20%20%20%20%20%20%20%22__ORIGINAL_PRICE__%22%3A%20%22999.00%22%2C%0A%20%20%20%20%20%20%20%20%20%20%20%20%20%20%20%20%22__BRAND__%22%3A%20%22Daisy%20Street%22%2C%0A%20%20%20%20%20%20%20%20%20%20%20%20%20%20%20%20%22__PAGE_LINK__%22%3A%20%22http%3A%2F%2Fwww.ajio.com%2Fteamspirit-sweatshirt-with-quilted-pattern%2Fp%2F440611764006%22%2C%0A%20%20%20%20%20%20%20%20%20%20%20%20%20%20%20%20%22__LARGE_DEFAULT_IMAGE__%22%3A%20%22https%3A%2F%2Fwww.ajio.com%2Fmedias%2Fsys_master%2Froot%2Fh67%2Fhbf%2F8809424551966%2F-473Wx593H-440611764-ltpeach-MODEL.jpg%22%2C%0A%22__DEFAULT_IMAGE__%22%3A%22https%3A%2F%2Fwww.ajio.com%2Fmedias%2Fsys_master%2Froot%2Fh67%2Fhbf%2F8809424551966%2F-473Wx593H-440611764-ltpeach-MODEL.jpg%22%2C%0A%20%20%20%20%20%20%20%20%20%20%20%20%7D%5D"
   },
   {  
      "AdID":"6804",
      "Advertiser":"Flipkart",
      "CSS":"%20%20*%20%7B%0A%20%20%20%20%20%20%20%20%20%20%20%20margin%3A%200px%3B%0A%20%20%20%20%20%20%20%20%20%20%20%20padding%3A%200px%3B%0A%20%20%20%20%20%20%20%20%20%20%20%20font-family%3A%20Roboto%2C%20Arial%2C%20sans-serif%3B%0A%20%20%20%20%20%20%20%20%7D.templatelogo%7B%20%20%20%20background-color%3A%20%232173f7%3B%7D",
      "JS":"%20currencyformat%3A%20%22%26%23x20B9%3B%20%22%2C%20%0A%20%20%20%20%20%20%20%20%20%20%20%20%20%20%20%20ctatext%3A%20%22BUY%20NOW%22%2C%0A%20%20%20%20%20%20%20%20%20%20%20%20%20%20%20%20discountcolor%3A%20%22%233d9e47%22%2C%0A%20%20%20%20%20%20%20%20%20%20%20%20%20%20%20%20discountbg%3A%22%23fff%22%2C%0A%20%20%20%20%20%20%20%20%20%20%20%20%20%20%20%20discountbor%3A%221px%20solid%20%23fff%22%2C%0A%20%20%20%20%20%20%20%20%20%20%20%20%20%20%20%20ctacolor%3A%20%22%23fff%22%2C%0A%20%20%20%20%20%20%20%20%20%20%20%20%20%20%20%20ctabg%3A%20%22%23f96900%22%2C%0A%20%20%20%20%20%20%20%20%20%20%20%20%20%20%20%20titlecolor%3A%20%22%23000%22%2C%0A%20%20%20%20%20%20%20%20%20%20%20%20%20%20%20%20pricecolor%3A%20%22%23000%22%2C%0A%20%20%20%20%20%20%20%20%20%20%20%20%20%20%20%20logo%3A%20%22images%2Flogo.jpg%22%2C%0A%20%20%20%20%20%20%20%20%20%20%20%20%20%20%20%20overlay%3A%20%22images%2Fdefault.jpg%22%2C",
      "AddJS":"",
      "Fallback":"window.addEventListener(%22load%22%2Cfunction()%7B%0A%20%20%20%20%20%20%20%20%20%20%20%20document.getElementsByClassName(%22titleclickdiv%22)%5B0%5D.href%3DfallbackUrl(0)%3B%0A%20%20%20%20%20%20%20%20%7D)%3B%20function%20fallbackUrl(i)%7B%0A%20%20%20%20%20%20%20%20%20%20%20%20var%20host%20%3D%20%22https%3A%2F%2Fcdn.atomex.net%22%3B%0A%20%20%20%20%20%20%20%20%20%20%20%20var%20path%20%3D%20%22%2Ffallback%2Ffk.html%22%3B%0A%20%20%20%20%20%20%20%20%20%20%20%20%0A%20%20%20%20%20%20%20%20%20%20%20%20var%20dl1%20%3D%20encodeURIComponent(%22flipkart%3A%2F%2Ffk.dl%2Fde_pp_CL%7Csem_--_%22)%3B%0A%20%20%20%20%20%20%20%20%20%20%20%20var%20dl2%20%3D%20encodeURIComponent(%22_--_cmpid_--_content_appretar_%22)%3B%0A%20%20%20%20%20%20%20%20%20%20%20%20var%20pid%20%3D%20item_list%5Bi%5D.__ID__%3B%20%20%20%20%20%20%20%20%20%20%20%20%0A%20%20%20%20%20%20%20%20%20%20%20%20var%20strategyId%20%3D%20encodeURIComponent(%22%7CSTRATEGY_ID%7C%22)%3B%0A%20%20%20%20%20%20%20%20%20%20%20%20var%20creativeId%20%3D%20encodeURIComponent(%22%7CCREATIVE_ID%7C%22)%3B%0A%0A%20%20%20%20%20%20%20%20%20%20%20%20var%20fb%20%3D%20encodeURIComponent(decodeURIComponent(item_list%5Bi%5D.__PAGE_LINK__))%3B%0A%0A%20%20%20%20%20%20%20%20%20%20%20%20return%20tracking_url%20%2B%20encodeURIComponent(host%20%2B%20path%20%2B%22%3Fdl1%3D%22%2Bdl1%2B%20%22%26dl2%3D%22%2Bdl2%2B%20%22%26pid%3D%22%2Bpid%2B%20%22%26str_id%3D%22%2BstrategyId%20%2B%22%26cr_id%3D%22%2BcreativeId%20%2B%22%26fb%3D%22%2Bfb)%3B%0A%20%20%20%20%20%20%20%20%7D%3B",
      "Fontlink":"%20%20%20%20%3Clink%20href%3D%22https%3A%2F%2Ffonts.googleapis.com%2Fcss%3Ffamily%3DRoboto%22%20rel%3D%22stylesheet%22%3E",
      "Androidstore":"https%3A%2F%2Fplay.google.com%2Fstore%2Fapps%2Fdetails%3Fid%3Dcom.flipkart.android%26hl%3Den",
      "iosstore":"https%3A%2F%2Fitunes.apple.com%2Fin%2Fapp%2Fflipkart-online-shopping-app-india%2Fid742044692%3Fmt%3D8",
      "MMPAndr":"",
      "MMPIOS":"",
      "Sample_Data":"%5B%7B%0A%20%20%20%20%20%20%20%20%20%20%20%20%20%20%20%20%22__TITLE__%22%3A%20%22My%20Crafts%20Analog%20Wall%20Clock%22%2C%0A%20%20%20%20%20%20%20%20%20%20%20%20%20%20%20%20%22__SALE_PRICE__%22%3A%20%221750.00%20%22%2C%0A%20%20%20%20%20%20%20%20%20%20%20%20%20%20%20%20%22__ORIGINAL_PRICE__%22%3A%20%221999.00%22%2C%0A%20%20%20%20%20%20%20%20%20%20%20%20%20%20%20%20%22__BRAND__%22%3A%20%22My%20Crafts%22%2C%0A%20%20%20%20%20%20%20%20%20%20%20%20%20%20%20%20%22__ID__%22%3A%20%22WCKEXZ7CC7BB64MA%22%2C%0A%20%20%20%20%20%20%20%20%20%20%20%20%20%20%20%20%22__LARGE_DEFAULT_IMAGE__%22%3A%20%22http%3A%2F%2Fimg.fkcdn.com%2Fimage%2Fj7z2wsw0%2Fwall-clock%2F4%2Fm%2Fa%2Fwooden-bright-sun-design-wall-clock-wcdi-026-analog-my-crafts-1100x1100-imaexz73jdg5rudg.jpeg%22%2C%0A%22__DEFAULT_IMAGE__%22%3A%22http%3A%2F%2Fimg.fkcdn.com%2Fimage%2Fj7z2wsw0%2Fwall-clock%2F4%2Fm%2Fa%2Fwooden-bright-sun-design-wall-clock-wcdi-026-analog-my-crafts-1100x1100-imaexz73jdg5rudg.jpeg%22%0A%20%20%20%20%20%20%20%20%20%20%20%20%7D%5D",
   	  "Single_Sample_Data":"%5B%7B%0A%20%20%20%20%20%20%20%20%20%20%20%20%20%20%20%20%22__TITLE__%22%3A%20%22My%20Crafts%20Analog%20Wall%20Clock%22%2C%0A%20%20%20%20%20%20%20%20%20%20%20%20%20%20%20%20%22__SALE_PRICE__%22%3A%20%221999.00%22%2C%0A%20%20%20%20%20%20%20%20%20%20%20%20%20%20%20%20%22__ORIGINAL_PRICE__%22%3A%20%221999.00%22%2C%0A%20%20%20%20%20%20%20%20%20%20%20%20%20%20%20%20%22__BRAND__%22%3A%20%22My%20Crafts%22%2C%0A%20%20%20%20%20%20%20%20%20%20%20%20%20%20%20%20%22__ID__%22%3A%20%22WCKEXZ7CC7BB64MA%22%2C%0A%20%20%20%20%20%20%20%20%20%20%20%20%20%20%20%20%22__LARGE_DEFAULT_IMAGE__%22%3A%20%22http%3A%2F%2Fimg.fkcdn.com%2Fimage%2Fj7z2wsw0%2Fwall-clock%2F4%2Fm%2Fa%2Fwooden-bright-sun-design-wall-clock-wcdi-026-analog-my-crafts-1100x1100-imaexz73jdg5rudg.jpeg%22%2C%0A%22__DEFAULT_IMAGE__%22%3A%22http%3A%2F%2Fimg.fkcdn.com%2Fimage%2Fj7z2wsw0%2Fwall-clock%2F4%2Fm%2Fa%2Fwooden-bright-sun-design-wall-clock-wcdi-026-analog-my-crafts-1100x1100-imaexz73jdg5rudg.jpeg%22%0A%20%20%20%20%20%20%20%20%20%20%20%20%7D%5D"
   },
   {  
      "AdID":"6992",
      "Advertiser":"Shopclues",
      "CSS":"*%7Bfont-family%3A%20font-family%3A%20'Open%20Sans'%3B%7D",
      "JS":"%20%20%20%20%20%20currencyformat%3A%20%22%26%23x20B9%3B%20%20%22%2C%0A%20%20%20%20%20%20%20%20%20%20%20%20%20%20%20%20ctatext%3A%20%22Buy%20Now%22%2C%0A%20%20%20%20%20%20%20%20%20%20%20%20%20%20%20%20discountcolor%3A%20%22%23fff%22%2C%20discountbg%3A%20%22%23c11a22%22%2C%0A%20%20%20%20%20%20%20%20%20%20%20%20%20%20%20%20ctacolor%3A%20%22%23fff%22%2C%0A%20%20%20%20%20%20%20%20%20%20%20%20%20%20%20%20ctabg%3A%20%22%23fb760b%22%2C%0A%20%20%20%20%20%20%20%20%20%20%20%20%20%20%20%20titlecolor%3A%20%22%23000%22%2C%0A%20%20%20%20%20%20%20%20%20%20%20%20%20%20%20%20pricecolor%3A%20%22%23000%22%2C%0A%20%20%20%20%20%20%20%20%20%20%20%20%20%20%20%20logo%3A%20%22images%2Flogo.jpg%22%2C%0A%20%20%20%20%20%20%20%20%20%20%20%20%20%20%20%20overlayIsEnabled%3A%20false%2C%0A%20%20%20%20%20%20%20%20%20%20%20%20%20%20%20%20overlay%3A%20%22images%2Fdefault.jpg%22%2C",
      "AddJS":"%20%20%20%20window.addEventListener(%22load%22%2Cfunction()%7B%0A%20%20%20%20%20%20%20%20document.getElementsByClassName(%22percenttext%22)%5B0%5D.innerHTML%3D%22-%22%2BparseInt(100.0%20*%20(1%20-%20item_list%5B0%5D.__SALE_PRICE__%20%2F%20item_list%5B0%5D.__ORIGINAL_PRICE__))%2B%22%25%22%3B%0A%20%20%20%20%7D)%3B",
      "Fallback":"window.addEventListener(%22load%22%2Cfunction()%7B%0A%20%20%20%20%20%20%20%20%20%20%20%20document.getElementsByClassName(%22titleclickdiv%22)%5B0%5D.href%3DfallbackUrl(0)%3B%0A%20%20%20%20%20%20%20%20%7D)%3B%20%20%20function%20androidClicklink(i)%7B%0A%20%20%20%20%20%20%20%20%0A%20%20%20%20%20%20%20%20var%20host%20%3D%20%22https%3A%2F%2Fcdn.atomex.net%22%3B%0A%20%20%20%20%20%20%20%20var%20path%20%3D%20%22%2Ffallback%2Fshopclues.html%22%3B%0A%0A%20%20%20%20%20%20%20%20var%20advertisingId%20%3D%20encodeURIComponent(%22%7CADVERTISINGID%7C%22)%3B%0A%20%20%20%20%20%20%20%20var%20urId%20%3D%20encodeURIComponent(%22%7CUR_ID%7C%22)%3B%0A%20%20%20%20%20%20%20%20var%20strategyId%20%3D%20encodeURIComponent(%22%7CSTRATEGY_ID%7C%22)%3B%0A%20%20%20%20%20%20%20%20var%20creativeId%20%3D%20encodeURIComponent(%22%7CCREATIVE_ID%22)%3B%0A%20%20%20%20%20%20%20%20var%20inventoryId%20%3D%20encodeURIComponent(%22%7CINVENTORY_ID%7C%22)%3B%0A%20%20%20%20%20%20%20%20var%20siteId%20%3D%20encodeURIComponent(%22%7CPUBLISHER_ID%7C%22)%3B%0A%0A%20%20%20%20%20%20%20%20%2F%2Fonly%20for%20single%20image..%0A%20%20%20%20%20%20%20%20var%20dl%20%3D%20encodeURIComponent(item_list%5Bi%5D.__PAGE_LINK__)%3B%0A%0A%20%20%20%20%20%20%20%20var%20url%20%3D%20tracking_url%20%2BencodeURIComponent(host%20%2B%20path%20%2B%20%22%3Fadv_id%3D%22%2BadvertisingId%2B%20%22%26str_id%3D%22%2BstrategyId%2B%20%22%26cr_id%3D%22%2BcreativeId%2B%20%22%26inv_id%3D%22%2BinventoryId%2B%20%22%26site_id%3D%22%2BsiteId%2B%20%22%26ur_id%3D%22%2BurId%2B%20%22%26dl%3D%22%2Bdl)%3B%0A%0A%20%20%20%20%20%20%20%20return%20tracking_url%20%2B%20encodeURIComponent(url)%3B%0A%0A%20%20%20%20%7D%3B%20",
      "Fontlink":"%20%20%20%3Clink%20href%3D%22https%3A%2F%2Ffonts.googleapis.com%2Fcss%3Ffamily%3DOpen%2BSans%22%20rel%3D%22stylesheet%22%3E",
      "Androidstore":"https%3A%2F%2Fplay.google.com%2Fstore%2Fapps%2Fdetails%3Fid%3Dcom.shopclues%26hl%3Den",
      "iosstore":"https%3A%2F%2Fitunes.apple.com%2Fin%2Fapp%2Fshopclues%2Fid994486085%3Fmt%3D8",
      "MMPAndr":"",
      "MMPIOS":"",
      "Sample_Data":"%5B%7B%22__DEFAULT_IMAGE__%22%3A%22https%3A%2F%2Frescdn.atomex.net%2Fdims3%2F12AB%2Fresize%2F100x100%2Cq_50%2Fhttps%3A%2F%2Fcdn.shopclues.com%2Fimages%2Fthumbnails%2F69969%2F320%2F320%2F118471486118471486cable13915297151493712429.jpg%22%2C%22__LARGE_DEFAULT_IMAGE__%22%3A%22https%3A%2F%2Frescdn.atomex.net%2Fdims3%2F12AB%2Fresize%2F460x460%2Cq_75%2Fhttps%3A%2F%2Fcdn.shopclues.com%2Fimages%2Fthumbnails%2F69969%2F320%2F320%2F118471486118471486cable13915297151493712429.jpg%22%2C%22__ORIGINAL_PRICE__%22%3A%221500.0%22%2C%22__PAGE_LINK__%22%3A%22original-samsung-usb-data-cable-for-galaxy-grand-i9082-quattro-i8552--warranty-118471486.html%22%2C%22__MEDIUM_DEFAULT_IMAGE__%22%3A%22https%3A%2F%2Frescdn.atomex.net%2Fdims3%2F12AB%2Fresize%2F100x100%2Cq_50%2Fhttps%3A%2F%2Fcdn.shopclues.com%2Fimages%2Fthumbnails%2F69969%2F320%2F320%2F118471486118471486cable13915297151493712429.jpg%22%2C%22__TITLE__%22%3A%22ORIGINAL%20SAMSUNG%20USB%20DATA%20CABLE%20FOR%20GALAXY%20GRAND%20I9082%2F%20QUATTRO%20I8552%20%2B%20WARRANTY%22%2C%22__SALE_PRICE__%22%3A%22500.0%22%7D%5D",
      "Single_Sample_Data":"%5B%7B%22__DEFAULT_IMAGE__%22%3A%22https%3A%2F%2Frescdn.atomex.net%2Fdims3%2F12AB%2Fresize%2F100x100%2Cq_50%2Fhttps%3A%2F%2Fcdn.shopclues.com%2Fimages%2Fthumbnails%2F69969%2F320%2F320%2F118471486118471486cable13915297151493712429.jpg%22%2C%22__LARGE_DEFAULT_IMAGE__%22%3A%22https%3A%2F%2Frescdn.atomex.net%2Fdims3%2F12AB%2Fresize%2F460x460%2Cq_75%2Fhttps%3A%2F%2Fcdn.shopclues.com%2Fimages%2Fthumbnails%2F69969%2F320%2F320%2F118471486118471486cable13915297151493712429.jpg%22%2C%22__ORIGINAL_PRICE__%22%3A%221500.0%22%2C%22__PAGE_LINK__%22%3A%22original-samsung-usb-data-cable-for-galaxy-grand-i9082-quattro-i8552--warranty-118471486.html%22%2C%22__MEDIUM_DEFAULT_IMAGE__%22%3A%22https%3A%2F%2Frescdn.atomex.net%2Fdims3%2F12AB%2Fresize%2F100x100%2Cq_50%2Fhttps%3A%2F%2Fcdn.shopclues.com%2Fimages%2Fthumbnails%2F69969%2F320%2F320%2F118471486118471486cable13915297151493712429.jpg%22%2C%22__TITLE__%22%3A%22ORIGINAL%20SAMSUNG%20USB%20DATA%20CABLE%20FOR%20GALAXY%20GRAND%20I9082%2F%20QUATTRO%20I8552%20%2B%20WARRANTY%22%2C%22__SALE_PRICE__%22%3A%221500.0%22%7D%5D"
   },
   {  
      "AdID":"7247",
      "Advertiser":"HonestBee",
      "CSS":"*%7B%0A%20%20%20%20font-family%3A%20Montserrat%3B%0A%7D",
      "JS":"%20currencyformat%3A%20%22IDR%20%22%2C%0A%20%20%20%20%20%20%20%20%20%20%20%20%20%20%20%20ctatext%3A%20%22Shop%20Now%22%2C%0A%20%20%20%20%20%20%20%20%20%20%20%20%20%20%20%20discountcolor%3A%20%22%23fff%22%2C%20discountbg%3A%20%22%23f43e30%22%2C%0A%20%20%20%20%20%20%20%20%20%20%20%20%20%20%20%20ctacolor%3A%20%22%23000%22%2C%0A%20%20%20%20%20%20%20%20%20%20%20%20%20%20%20%20ctabg%3A%20%22%23ffcb00%22%2C%0A%20%20%20%20%20%20%20%20%20%20%20%20%20%20%20%20titlecolor%3A%20%22%23171717%22%2Corgiprice%3A%22%23808080%22%2C%0A%20%20%20%20%20%20%20%20%20%20%20%20%20%20%20%20pricecolor%3A%20%22%23000%22%2C%0A%20%20%20%20%20%20%20%20%20%20%20%20%20%20%20%20logo%3A%20%22images%2Flogo.jpg%22%2C%0A%20%20%20%20%20%20%20%20%20%20%20%20%20%20%20%20overlay%3A%22%20images%2Fdefault.jpg%22%2C",
      "AddJS":"%20%20%20%20window.addEventListener(%22load%22%2Cfunction()%7B%0A%20%20%20%20%20%20%20%20document.getElementsByClassName(%22percenttext%22)%5B0%5D.innerHTML%3D%22-%22%2BparseInt(100.0%20*%20(1%20-%20item_list%5B0%5D.__SALE_PRICE__%20%2F%20item_list%5B0%5D.__ORIGINAL_PRICE__))%2B%22%25%22%3B%0A%20%20%20%20%7D)%3B",
      "Fallback":"window.addEventListener(%22load%22%2Cfunction()%7B%0A%20%20%20%20%20%20%20%20%20%20%20%20document.getElementsByClassName(%22titleclickdiv%22)%5B0%5D.href%3DfallbackUrl(0)%3B%0A%20%20%20%20%20%20%20%20%7D)%3B%20%20%20function%20androidClicklink(i)%7B%0A%20%20%20%20%20%20%20%20%0A%20%20%20%20%20%20%20%20var%20host%20%3D%20%22https%3A%2F%2Fcdn.atomex.net%22%3B%0A%20%20%20%20%20%20%20%20var%20path%20%3D%20%22%2Ffallback%2Fshopclues.html%22%3B%0A%0A%20%20%20%20%20%20%20%20var%20advertisingId%20%3D%20encodeURIComponent(%22%7CADVERTISINGID%7C%22)%3B%0A%20%20%20%20%20%20%20%20var%20urId%20%3D%20encodeURIComponent(%22%7CUR_ID%7C%22)%3B%0A%20%20%20%20%20%20%20%20var%20strategyId%20%3D%20encodeURIComponent(%22%7CSTRATEGY_ID%7C%22)%3B%0A%20%20%20%20%20%20%20%20var%20creativeId%20%3D%20encodeURIComponent(%22%7CCREATIVE_ID%22)%3B%0A%20%20%20%20%20%20%20%20var%20inventoryId%20%3D%20encodeURIComponent(%22%7CINVENTORY_ID%7C%22)%3B%0A%20%20%20%20%20%20%20%20var%20siteId%20%3D%20encodeURIComponent(%22%7CPUBLISHER_ID%7C%22)%3B%0A%0A%20%20%20%20%20%20%20%20%2F%2Fonly%20for%20single%20image..%0A%20%20%20%20%20%20%20%20var%20dl%20%3D%20encodeURIComponent(item_list%5Bi%5D.__PAGE_LINK__)%3B%0A%0A%20%20%20%20%20%20%20%20var%20url%20%3D%20tracking_url%20%2BencodeURIComponent(host%20%2B%20path%20%2B%20%22%3Fadv_id%3D%22%2BadvertisingId%2B%20%22%26str_id%3D%22%2BstrategyId%2B%20%22%26cr_id%3D%22%2BcreativeId%2B%20%22%26inv_id%3D%22%2BinventoryId%2B%20%22%26site_id%3D%22%2BsiteId%2B%20%22%26ur_id%3D%22%2BurId%2B%20%22%26dl%3D%22%2Bdl)%3B%0A%0A%20%20%20%20%20%20%20%20return%20tracking_url%20%2B%20encodeURIComponent(url)%3B%0A%0A%20%20%20%20%7D%3B%20",
      "Fontlink":"%3Clink%20href%3D%22https%3A%2F%2Ffonts.googleapis.com%2Fcss%3Ffamily%3DMontserrat%22%20rel%3D%22stylesheet%22%3E",
      "Androidstore":"https%3A%2F%2Fplay.google.com%2Fstore%2Fapps%2Fdetails%3Fid%3Dcom.honestbee.consumer%26hl%3Den",
      "iosstore":"https%3A%2F%2Fitunes.apple.com%2Fin%2Fapp%2Fhonestbee-food-groceries%2Fid1001581823%3Fmt%3D8",
      "MMPAndr":"https%3A%2F%2Fapp.appsflyer.com%2Fcom.honestbee.consumer%3Faf_prt%3Drevx%26pid%3Drevx_int%26is_retargeting%3Dtrue%26af_click_lookback%3D7d%26c%3Drevx_id%26clickid%3D%7CUR_ID%7C%26af_reengagement_window%3D30%26advertising_id%3D%7CADVERTISING_ID%7C%26af_force_dp%3Dtrue%26af_dp%3Dhonestbee%253A%252F%252F",
      "MMPIOS":"",
      "Sample_Data":"%5B%0A%20%20%20%20%20%20%20%20%7B%0A%20%20%20%20%20%20%20%20%20%20%20%20%22__DEFAULT_IMAGE__%22%3A%20%22https%3A%2F%2Fhonestbee-data.s3.amazonaws.com%2Fimages%2F600square%2Fsuper-indo_0002929_0002929-1.png%22%2C%0A%20%20%20%20%20%20%20%20%20%20%20%20%22__PAGE_LINK__%22%3A%20%22https%3A%2F%2Fid.honestbee.com%2Fstores%2Fsuper-indo%2Fproducts%2F2858313%22%2C%0A%20%20%20%20%20%20%20%20%20%20%20%20%22__TITLE__%22%3A%20%22Daimaru%20Selotip%2048%20X%20100%20Y%22%2C%0A%20%20%20%20%20%20%20%20%20%20%20%20%22__ORIGINAL_PRICE__%22%3A%20%2219990.00%22%2C%0A%20%20%20%20%20%20%20%20%20%20%20%20%22__SALE_PRICE__%22%20%3A%20%2210990.00%22%2C%0A%20%20%20%20%20%20%20%20%20%20%20%20%22__LARGE_DEFAULT_IMAGE__%22%3A%20%22https%3A%2F%2Fhonestbee-data.s3.amazonaws.com%2Fimages%2F600square%2Fsuper-indo_0002929_0002929-1.png%22%2C%0A%20%20%20%20%20%20%20%20%7D%0A%20%20%20%20%20%20%20%20%5D",
      "Single_Sample_Data":"%5B%0A%20%20%20%20%20%20%20%20%7B%0A%20%20%20%20%20%20%20%20%20%20%20%20%22__DEFAULT_IMAGE__%22%3A%20%22https%3A%2F%2Fhonestbee-data.s3.amazonaws.com%2Fimages%2F600square%2Fsuper-indo_0002929_0002929-1.png%22%2C%0A%20%20%20%20%20%20%20%20%20%20%20%20%22__PAGE_LINK__%22%3A%20%22https%3A%2F%2Fid.honestbee.com%2Fstores%2Fsuper-indo%2Fproducts%2F2858313%22%2C%0A%20%20%20%20%20%20%20%20%20%20%20%20%22__TITLE__%22%3A%20%22Daimaru%20Selotip%2048%20X%20100%20Y%22%2C%0A%20%20%20%20%20%20%20%20%20%20%20%20%22__ORIGINAL_PRICE__%22%3A%20%2219990.00%22%2C%0A%20%20%20%20%20%20%20%20%20%20%20%20%22__SALE_PRICE__%22%20%3A%20%2219990.00%22%2C%0A%20%20%20%20%20%20%20%20%20%20%20%20%22__LARGE_DEFAULT_IMAGE__%22%3A%20%22https%3A%2F%2Fhonestbee-data.s3.amazonaws.com%2Fimages%2F600square%2Fsuper-indo_0002929_0002929-1.png%22%2C%0A%20%20%20%20%20%20%20%20%7D%0A%20%20%20%20%20%20%20%20%5D"
   },
   {  
      "AdID":"7166",
      "Advertiser":"Tatacliq",
      "CSS":"*%7Bfont-family%3A%20font-family%3A%20'Open%20Sans'%3B%7D",
      "JS":"%20%20%20%20currencyformat%3A%20%22%26%23x20B9%3B%20%20%22%2C%0A%20%20%20%20%20%20%20%20%20%20%20%20%20%20%20%20ctatext%3A%20%22Buy%20Now%22%2C%0A%20%20%20%20%20%20%20%20%20%20%20%20%20%20%20%20discountcolor%3A%20%22%23a71c3c%22%2C%20discountbg%3A%20%22%23fff%22%2C%0A%20%20%20%20%20%20%20%20%20%20%20%20%20%20%20%20ctacolor%3A%20%22%23fff%22%2C%0A%20%20%20%20%20%20%20%20%20%20%20%20%20%20%20%20ctabg%3A%20%22%23a71c3c%22%2C%0A%20%20%20%20%20%20%20%20%20%20%20%20%20%20%20%20titlecolor%3A%20%22%23171717%22%2C%0A%20%20%20%20%20%20%20%20%20%20%20%20%20%20%20%20pricecolor%3A%20%22%23000%22%2C%0A%20%20%20%20%20%20%20%20%20%20%20%20%20%20%20%20logo%3A%20%22images%2Flogo.jpg%22%2C%0A%20%20%20%20%20%20%20%20%20%20%20%20%20%20%20%20overlay%3A%20%22images%2Fdefault.jpg%22%2C",
      "AddJS":"",
      "Fallback":"",
      "Fontlink":"%3Clink%20href%3D%22https%3A%2F%2Ffonts.googleapis.com%2Fcss%3Ffamily%3DOpen%2BSans%22%20rel%3D%22stylesheet%22%3E",
      "Androidstore":"https%3A%2F%2Fplay.google.com%2Fstore%2Fapps%2Fdetails%3Fid%3Dcom.tul.tatacliq%26hl%3Den",
      "iosstore":"https%3A%2F%2Fitunes.apple.com%2Fin%2Fapp%2Ftata-cliq-online-shopping-app%2Fid1101619385%3Fmt%3D8",
      "MMPAndr":"https%3A%2F%2Fapp.appsflyer.com%2Fcom.tul.tatacliq%3Faf_prt%3Drevx%26pid%3Drevx_int%26is_retargeting%3Dtrue%26clickid%3Drevx123%26af_reengagement_window%3D30%26advertising_id%3D%7CADVERTISINGID%7C%26af_force_dp%3Dtrue%26af_dp%3Dcomtatacliq%3A%2F%2Fwww.tatacliq.com%2Ftype%3Dproduct%26typeId%3D",
      "MMPIOS":"",
      "Sample_Data":"%5B%7B%22__DEFAULT_IMAGE__%22%3A%22https%3A%2F%2Frescdn.atomex.net%2Fdims3%2F12AB%2Fresize%2F100x100%2Cq_50%2Fhttps%3A%2F%2Fimg.tatacliq.com%2Fimages%2F437Wx649H%2FMP000000000267084_437Wx649H_20170610214203.jpeg%22%2C%22__LARGE_DEFAULT_IMAGE__%22%3A%22https%3A%2F%2Frescdn.atomex.net%2Fdims3%2F12AB%2Fresize%2F460x460%2Cq_75%2Fhttps%3A%2F%2Fimg.tatacliq.com%2Fimages%2F437Wx649H%2FMP000000000267084_437Wx649H_20170610214203.jpeg%22%2C%22__ID__%22%3A%22MP000000000267084%22%2C%22__ORIGINAL_PRICE__%22%3A%2231900.0%22%2C%22__MEDIUM_DEFAULT_IMAGE__%22%3A%22https%3A%2F%2Frescdn.atomex.net%2Fdims3%2F12AB%2Fresize%2F100x100%2Cq_50%2Fhttps%3A%2F%2Fimg.tatacliq.com%2Fimages%2F437Wx649H%2FMP000000000267084_437Wx649H_20170610214203.jpeg%22%2C%22__TITLE__%22%3A%22Panasonic%2032DS500%2081.28Cm%20(32%20Inch)%20Smart%20LED%20TV%20(Black)%22%2C%22__SALE_PRICE__%22%3A%2227000.0%22%7D%5D%3B",
      "Single_Sample_Data":"%5B%7B%22__DEFAULT_IMAGE__%22%3A%22https%3A%2F%2Frescdn.atomex.net%2Fdims3%2F12AB%2Fresize%2F100x100%2Cq_50%2Fhttps%3A%2F%2Fimg.tatacliq.com%2Fimages%2F437Wx649H%2FMP000000000267084_437Wx649H_20170610214203.jpeg%22%2C%22__LARGE_DEFAULT_IMAGE__%22%3A%22https%3A%2F%2Frescdn.atomex.net%2Fdims3%2F12AB%2Fresize%2F460x460%2Cq_75%2Fhttps%3A%2F%2Fimg.tatacliq.com%2Fimages%2F437Wx649H%2FMP000000000267084_437Wx649H_20170610214203.jpeg%22%2C%22__ID__%22%3A%22MP000000000267084%22%2C%22__ORIGINAL_PRICE__%22%3A%2227000.0%22%2C%22__MEDIUM_DEFAULT_IMAGE__%22%3A%22https%3A%2F%2Frescdn.atomex.net%2Fdims3%2F12AB%2Fresize%2F100x100%2Cq_50%2Fhttps%3A%2F%2Fimg.tatacliq.com%2Fimages%2F437Wx649H%2FMP000000000267084_437Wx649H_20170610214203.jpeg%22%2C%22__TITLE__%22%3A%22Panasonic%2032DS500%2081.28Cm%20(32%20Inch)%20Smart%20LED%20TV%20(Black)%22%2C%22__SALE_PRICE__%22%3A%2227000.0%22%7D%5D%3B"
   },
   {  
      "AdID":"7062",
      "Advertiser":"Zivame",
      "CSS":"*%7Bfont-family%3A%20font-family%3A%20'Open%20Sans'%3B%7D",
      "JS":"%20%20%20%20currencyformat%3A%20%22%26%23x20B9%3B%20%22%2C%0A%20%20%20%20%20%20%20%20%20%20%20%20%20%20%20%20ctatext%3A%20%22Add%20to%20Cart%22%2C%0A%20%20%20%20%20%20%20%20%20%20%20%20%20%20%20%20discountcolor%3A%20%22%23E91E63%22%2C%20discountbg%3A%20%22%23fff%22%2C%0A%20%20%20%20%20%20%20%20%20%20%20%20%20%20%20%20ctacolor%3A%20%22%23fff%22%2C%0A%20%20%20%20%20%20%20%20%20%20%20%20%20%20%20%20ctabg%3A%20%22%23E91E63%22%2C%0A%20%20%20%20%20%20%20%20%20%20%20%20%20%20%20%20titlecolor%3A%20%22%23171717%22%2Corgiprice%3A%22%23808080%22%2C%0A%20%20%20%20%20%20%20%20%20%20%20%20%20%20%20%20pricecolor%3A%20%22%23000%22%2C%0A%20%20%20%20%20%20%20%20%20%20%20%20%20%20%20%20logo%3A%20%22images%2Flogo.jpg%22%2C%0A%20%20%20%20%20%20%20%20%20%20%20%20%20%20%20%20overlay%3A%20%22images%2Fdefault.jpg%22%2C",
      "AddJS":"",
      "Fallback":"",
      "Fontlink":"%20%3Clink%20href%3D%22https%3A%2F%2Ffonts.googleapis.com%2Fcss%3Ffamily%3DOpen%2BSans%22%20rel%3D%22stylesheet%22%3E",
      "Androidstore":"https%3A%2F%2Fplay.google.com%2Fstore%2Fapps%2Fdetails%3Fid%3Dcom.zivame.consumer%26hl%3Den",
      "iosstore":"https%3A%2F%2Fitunes.apple.com%2Fin%2Fapp%2Fzivame-shop-lingerie-activewear-apparel-online%2Fid1065767207%3Fmt%3D8",
      "MMPAndr":"https%3A%2F%2Fapp.appsflyer.com%2Fcom.zivame.consumer%3Faf_prt%3Drevx%26pid%3Drevx_int%26af_click_lookback%3D30d%26clickid%3Drevx123%26advertising_id%3D%7CADVERTISINGID%7C%26is_retargeting%3Dtrue%26af_reengagement_window%3D30%26af_force_dp%3Dtrue%26af_dp%3D__ENCODED_PAGE_LINK__%26utm_source%3Daffiliate%26utm_medium%3Drevx%26utm_install_source%3Daffiliate%26utm_install_medium%3Drevx",
      "MMPIOS":"",
      "Sample_Data":"%5B%7B%22__DEFAULT_IMAGE__%22%3A%22https%3A%2F%2Frescdn.atomex.net%2Fdims3%2F12AB%2Fresize%2F100x100%2Cq_50%2Fhttp%3A%2F%2Fcdn.zivame.com%2Fmedia%2Fzcmsimages%2Fconfigimages%2FZI6075-White%2F1_xlarge.jpg%22%2C%22__LARGE_DEFAULT_IMAGE__%22%3A%22https%3A%2F%2Frescdn.atomex.net%2Fdims3%2F12AB%2Fresize%2F460x460%2Cq_75%2Fhttp%3A%2F%2Fcdn.zivame.com%2Fmedia%2Fzcmsimages%2Fconfigimages%2FZI6075-White%2F1_xlarge.jpg%22%2C%22__ORIGINAL_PRICE__%22%3A%22995.0%22%2C%22__PAGE_LINK__%22%3A%22https%3A%2F%2F3xaf.app.link%2FJ8nkdjETOC%3FdlPath%3Dzivame-lazy-days-relaxed-fit-sleep-pyjama-white-n-print.html%22%2C%22__MEDIUM_DEFAULT_IMAGE__%22%3A%22https%3A%2F%2Frescdn.atomex.net%2Fdims3%2F12AB%2Fresize%2F100x100%2Cq_50%2Fhttp%3A%2F%2Fcdn.zivame.com%2Fmedia%2Fzcmsimages%2Fconfigimages%2FZI6075-White%2F1_xlarge.jpg%22%2C%22__TITLE__%22%3A%22Zivame%20Lazy%20Days%20Relaxed%20Fit%20Sleep%20Pyjama%20White%20N%20Print%22%2C%22__SALE_PRICE__%22%3A%22795.0%22%7D%5D",
      "Single_Sample_Data":"%5B%7B%22__DEFAULT_IMAGE__%22%3A%22https%3A%2F%2Frescdn.atomex.net%2Fdims3%2F12AB%2Fresize%2F100x100%2Cq_50%2Fhttp%3A%2F%2Fcdn.zivame.com%2Fmedia%2Fzcmsimages%2Fconfigimages%2FZI6075-White%2F1_xlarge.jpg%22%2C%22__LARGE_DEFAULT_IMAGE__%22%3A%22https%3A%2F%2Frescdn.atomex.net%2Fdims3%2F12AB%2Fresize%2F460x460%2Cq_75%2Fhttp%3A%2F%2Fcdn.zivame.com%2Fmedia%2Fzcmsimages%2Fconfigimages%2FZI6075-White%2F1_xlarge.jpg%22%2C%22__ORIGINAL_PRICE__%22%3A%22795.0%22%2C%22__PAGE_LINK__%22%3A%22https%3A%2F%2F3xaf.app.link%2FJ8nkdjETOC%3FdlPath%3Dzivame-lazy-days-relaxed-fit-sleep-pyjama-white-n-print.html%22%2C%22__MEDIUM_DEFAULT_IMAGE__%22%3A%22https%3A%2F%2Frescdn.atomex.net%2Fdims3%2F12AB%2Fresize%2F100x100%2Cq_50%2Fhttp%3A%2F%2Fcdn.zivame.com%2Fmedia%2Fzcmsimages%2Fconfigimages%2FZI6075-White%2F1_xlarge.jpg%22%2C%22__TITLE__%22%3A%22Zivame%20Lazy%20Days%20Relaxed%20Fit%20Sleep%20Pyjama%20White%20N%20Print%22%2C%22__SALE_PRICE__%22%3A%22795.0%22%7D%5D"
   },
   {  
      "AdID":"7099",
      "Advertiser":"Snapdeal",
      "CSS":"*%7Bfont-family%3A%20font-family%3A%20'Open%20Sans'%3B%7D",
      "JS":"currencyformat%3A%20%22%26%23x20B9%3B%20%20%22%2C%0A%20%20%20%20%20%20%20%20%20%20%20%20%20%20%20%20ctatext%3A%20%22Buy%20Now%22%2C%0A%20%20%20%20%20%20%20%20%20%20%20%20%20%20%20%20discountcolor%3A%20%22%235d5d5d%22%2C%20discountbg%3A%20%22%23ddd%22%2C%0A%20%20%20%20%20%20%20%20%20%20%20%20%20%20%20%20ctacolor%3A%20%22%23fff%22%2C%0A%20%20%20%20%20%20%20%20%20%20%20%20%20%20%20%20ctabg%3A%20%22%23e11846%22%2C%0A%20%20%20%20%20%20%20%20%20%20%20%20%20%20%20%20titlecolor%3A%20%22%23000%22%2C%0A%20%20%20%20%20%20%20%20%20%20%20%20%20%20%20%20pricecolor%3A%20%22%23000%22%2C%0A%20%20%20%20%20%20%20%20%20%20%20%20%20%20%20%20logo%3A%20%22images%2Flogo.jpg%22%2C%0A%20%20%20%20%20%20%20%20%20%20%20%20%20%20%20%20overlayIsEnabled%3A%20false%2C%0A%20%20%20%20%20%20%20%20%20%20%20%20%20%20%20%20overlay%3A%20%22images%2Fdefault.jpg%22%2C",
      "AddJS":"",
      "Fallback":"",
      "Fontlink":"%3Clink%20href%3D%22https%3A%2F%2Ffonts.googleapis.com%2Fcss%3Ffamily%3DOpen%2BSans%22%20rel%3D%22stylesheet%22%3E",
      "Androidstore":"https%3A%2F%2Fplay.google.com%2Fstore%2Fapps%2Fdetails%3Fid%3Dcom.snapdeal.main%26hl%3Den",
      "iosstore":"https%3A%2F%2Fitunes.apple.com%2Fin%2Fapp%2Fsnapdeal-online-shopping-app%2Fid721124909%3Fmt%3D8",
      "MMPAndr":"https%3A%2F%2Fad.apsalar.com%2Fapi%2Fv1%2Fad%3Fre%3D1%26st%3D318935792933%26aifa%3D%7CADVERTISINGID%7C%26idfa%3D%26h%3D12bcbff40274b0eebaab005ea631b7ff2b929f72%26referrer%3Dutm_source%3Drevx%26utm_campaign%3Drevx_apprmktg_jun-17%26pk%3D",
      "MMPIOS":"",
      "Sample_Data":"%5B%7B%22__DEFAULT_IMAGE__%22%3A%22https%3A%2F%2Frescdn.atomex.net%2Fdims3%2F12AB%2Fresize%2F100x100%2Cq_50%2Fhttp%3A%2F%2Fn1.sdlcdn.com%2Fimgs%2Ff%2Fd%2F2%2FApple-iPhone-6-32GB-Space-SDL093654756-1-24c7d.jpg%22%2C%22__LARGE_DEFAULT_IMAGE__%22%3A%22https%3A%2F%2Frescdn.atomex.net%2Fdims3%2F12AB%2Fresize%2F460x460%2Cq_75%2Fhttp%3A%2F%2Fn1.sdlcdn.com%2Fimgs%2Ff%2Fd%2F2%2FApple-iPhone-6-32GB-Space-SDL093654756-1-24c7d.jpg%22%2C%22__ID__%22%3A%22673401669346%22%2C%22__ORIGINAL_PRICE__%22%3A%2230700.0%22%2C%22__MEDIUM_DEFAULT_IMAGE__%22%3A%22https%3A%2F%2Frescdn.atomex.net%2Fdims3%2F12AB%2Fresize%2F100x100%2Cq_50%2Fhttp%3A%2F%2Fn1.sdlcdn.com%2Fimgs%2Ff%2Fd%2F2%2FApple-iPhone-6-32GB-Space-SDL093654756-1-24c7d.jpg%22%2C%22__TITLE__%22%3A%22Iphone%206%20(32gb)%22%2C%22__SALE_PRICE__%22%3A%2227009.0%22%7D%5D",
      "Single_Sample_Data":"%5B%7B%22__DEFAULT_IMAGE__%22%3A%22https%3A%2F%2Frescdn.atomex.net%2Fdims3%2F12AB%2Fresize%2F100x100%2Cq_50%2Fhttp%3A%2F%2Fn1.sdlcdn.com%2Fimgs%2Ff%2Fd%2F2%2FApple-iPhone-6-32GB-Space-SDL093654756-1-24c7d.jpg%22%2C%22__LARGE_DEFAULT_IMAGE__%22%3A%22https%3A%2F%2Frescdn.atomex.net%2Fdims3%2F12AB%2Fresize%2F460x460%2Cq_75%2Fhttp%3A%2F%2Fn1.sdlcdn.com%2Fimgs%2Ff%2Fd%2F2%2FApple-iPhone-6-32GB-Space-SDL093654756-1-24c7d.jpg%22%2C%22__ID__%22%3A%22673401669346%22%2C%22__ORIGINAL_PRICE__%22%3A%2227009.0%22%2C%22__MEDIUM_DEFAULT_IMAGE__%22%3A%22https%3A%2F%2Frescdn.atomex.net%2Fdims3%2F12AB%2Fresize%2F100x100%2Cq_50%2Fhttp%3A%2F%2Fn1.sdlcdn.com%2Fimgs%2Ff%2Fd%2F2%2FApple-iPhone-6-32GB-Space-SDL093654756-1-24c7d.jpg%22%2C%22__TITLE__%22%3A%22Iphone%206%20(32gb)%22%2C%22__SALE_PRICE__%22%3A%2227009.0%22%7D%5D"

   },
   {  
      "AdID":"7273",
      "Advertiser":"Max_Fasion",
      "CSS":"*%7B%20%20font-family%3A%20Roboto%2C%20Arial%2C%20sans-serif%3B%7D",
      "JS":"currencyformat%3A%20%22%26%23x20B9%3B%20%20%22%2C%0A%20%20%20%20%20%20%20%20%20%20%20%20%20%20%20%20ctatext%3A%20%22SHOP%20NOW%22%2C%0A%20%20%20%20%20%20%20%20%20%20%20%20%20%20%20%20discountcolor%3A%20%22green%22%2C%20discountbg%3A%20%22%23fff%22%2C%0A%20%20%20%20%20%20%20%20%20%20%20%20%20%20%20%20ctacolor%3A%20%22%23fff%22%2C%0A%20%20%20%20%20%20%20%20%20%20%20%20%20%20%20%20ctabg%3A%20%22%2332bde6%22%2C%0A%20%20%20%20%20%20%20%20%20%20%20%20%20%20%20%20titlecolor%3A%20%22%23000%22%2C%0A%20%20%20%20%20%20%20%20%20%20%20%20%20%20%20%20pricecolor%3A%20%22%23000%22%2C%0A%20%20%20%20%20%20%20%20%20%20%20%20%20%20%20%20logo%3A%20%22images%2Flogo.jpg%22%2C%0A%20%20%20%20%20%20%20%20%20%20%20%20%20%20%20%20overlayIsEnabled%3A%20false%2C%0A%20%20%20%20%20%20%20%20%20%20%20%20%20%20%20%20overlay%3A%20%22images%2Fdefault.jpg%22%2C",
      "AddJS":"",
      "Fallback":"",
      "Fontlink":"%3Clink%20href%3D%22https%3A%2F%2Ffonts.googleapis.com%2Fcss%3Ffamily%3DRoboto%22%20rel%3D%22stylesheet%22%3E",
      "Androidstore":"https%3A%2F%2Fplay.google.com%2Fstore%2Fapps%2Fdetails%3Fid%3Dcom.applications.max%26hl%3Den",
      "iosstore":"https%3A%2F%2Fitunes.apple.com%2Fin%2Fapp%2Fmax-fashion%2Fid1180884624%3Fmt%3D8",
      "MMPAndr":"https%3A%2F%2Fapp.appsflyer.com%2Fcom.applications.max%3Faf_prt%3Drevx%26pid%3Drevx_int%26is_retargeting%3Dtrue%26af_click_lookback%3D7d%26clickid%3D%7CUR_ID%7C%26advertising_id%3D%7CADVERTISINGID%7C%26af_reengagement_window%3D30%26af_force_dp%3Dtrue%26af_dp%3D",
      "MMPIOS":"",
      "Sample_Data":"%5B%7B%22__DEFAULT_IMAGE__%22%3A%22https%3A%2F%2F10d06a4d12b851f1b2d5-6729d756a2f36342416a9128f1759751.ssl.cf3.rackcdn.com%2F1000003902111-Blue-Navy-1000003902111_01-1200.jpg%22%2C%22__LARGE_DEFAULT_IMAGE__%22%3A%22https%3A%2F%2F10d06a4d12b851f1b2d5-6729d756a2f36342416a9128f1759751.ssl.cf3.rackcdn.com%2F1000003902111-Blue-Navy-1000003902111_01-1200.jpg%22%2C%22__ORIGINAL_PRICE__%22%3A%22699.0%22%2C%22__PAGE_LINK__%22%3A%22https%3A%2F%2Fwww.maxfashion.in%2Fp%2F1000003902114%22%2C%22__MEDIUM_DEFAULT_IMAGE__%22%3A%22%22%2C%22__TITLE__%22%3A%22MAX%20Frilly%20Charm%20Full%20Sleeves%20Sweater%22%2C%22__SALE_PRICE__%22%3A%22349.0%22%7D%5D",
      "Single_Sample_Data":"%5B%7B%22__DEFAULT_IMAGE__%22%3A%22https%3A%2F%2F10d06a4d12b851f1b2d5-6729d756a2f36342416a9128f1759751.ssl.cf3.rackcdn.com%2F1000003902111-Blue-Navy-1000003902111_01-1200.jpg%22%2C%22__LARGE_DEFAULT_IMAGE__%22%3A%22https%3A%2F%2F10d06a4d12b851f1b2d5-6729d756a2f36342416a9128f1759751.ssl.cf3.rackcdn.com%2F1000003902111-Blue-Navy-1000003902111_01-1200.jpg%22%2C%22__ORIGINAL_PRICE__%22%3A%22349.0%22%2C%22__PAGE_LINK__%22%3A%22https%3A%2F%2Fwww.maxfashion.in%2Fp%2F1000003902114%22%2C%22__MEDIUM_DEFAULT_IMAGE__%22%3A%22%22%2C%22__TITLE__%22%3A%22MAX%20Frilly%20Charm%20Full%20Sleeves%20Sweater%22%2C%22__SALE_PRICE__%22%3A%22349.0%22%7D%5D"

   },
   {  
      "AdID":"7170",
      "Advertiser":"Elabelz",
      "CSS":"*%7B%20font-family%3A%20'Montserrat'%2C%20sans-serif%3B%7D.templatelogo%7B%0A%20%20%20%20%20%20%20%20background-color%3A%20%23000%3B%0A%20%20%20%20%20%20%20%20background-size%3A%20142px%3B%0A%20%20%20%20%20%20%20%20%20%20%20%20height%3A%2032px%3B%0A%7D.pImagedco%7B%0A%20%20%20%20%20%20%20%20height%3A%2075%25%3B%0A%20%20%20%20%20%20%20%20top%3A%2033px%3B%0A%20%20%20%20%20%20%20%20border-bottom%3A%201px%20solid%20%23000%3B%0A%7D.ctadco%7B%0A%20%20%20%20width%3A100%25%3B%0A%20%20%20%20bottom%3A%200%3B%0A%7D%0A.titledivdco%7B%0A%20%20%20%20%20%20%20%20top%3A%2083.7%25%3B%0A%20%20%20%20%20%20%20%20font-size%3A%2012.25pt%3B%0A%7D%0A.percenttext%7B%0A%20%20%20%20display%3A%20none%3B%0A%7D.orgprice%7B%0A%20%20%20%20%20%20%20%20width%3A%2046%25%3B%0A%20%20%20%20top%3A%2089%25%3B%0A%7D%0A.priceDivdco%7B%0A%20%20%20%20%20%20%20%20text-align%3A%20left%3B%0A%20%20%20%20top%3A%2088.5%25%3B%0A%20%20%20%20%20%20%20%20%20%20%20%20width%3A%2046%25%3B%0A%7D%0A.pImagedco%2C.addetailsdco%7B%0A%20%20%20%20background-color%3A%20%23f6feff%3B%0A%7D",
      "JS":"currencyformat%3A%20%22%22%2C%0A%20%20%20%20%20%20%20%20%20%20%20%20%20%20%20%20ctatext%3A%20%22SHOP%20NOW%22%2C%0A%20%20%20%20%20%20%20%20%20%20%20%20%20%20%20%20discountcolor%3A%20%22green%22%2C%20discountbg%3A%20%22%23fff%22%2C%0A%20%20%20%20%20%20%20%20%20%20%20%20%20%20%20%20ctacolor%3A%20%22%23fff%22%2C%0A%20%20%20%20%20%20%20%20%20%20%20%20%20%20%20%20ctabg%3A%20%22%233498b8%22%2C%0A%20%20%20%20%20%20%20%20%20%20%20%20%20%20%20%20titlecolor%3A%20%22%23000%22%2C%0A%20%20%20%20%20%20%20%20%20%20%20%20%20%20%20%20pricecolor%3A%20%22%23000%22%2C%0A%20%20%20%20%20%20%20%20%20%20%20%20%20%20%20%20logo%3A%20%22images%2Flogo.jpg%22%2C%0A%20%20%20%20%20%20%20%20%20%20%20%20%20%20%20%20overlayIsEnabled%3A%20false%2C%0A%20%20%20%20%20%20%20%20%20%20%20%20%20%20%20%20overlay%3A%20%22images%2Fdefault.jpg%22%2C",
      "AddJS":"window.addEventListener('load'%2Cfunction()%7B%0A%20%20%20%20if(discount%3C%3D0)%7B%0A%20%20%20%20%20%20%20%20document.getElementsByClassName(%22priceDivdco%22)%5B0%5D.style.width%3D%22100%25%22%3B%0A%20%20%20%20%20%20%20%20document.getElementsByClassName(%22priceDivdco%22)%5B0%5D.style.textAlign%20%3D%20%22center%22%3B%0A%20%20%20%20%7D%0A%0A%7D)%3B",
      "Fallback":"",
      "Fontlink":"%3Clink%20href%3D%22https%3A%2F%2Ffonts.googleapis.com%2Fcss%3Ffamily%3DMontserrat%22%20rel%3D%22stylesheet%22%3E",
      "Androidstore":"https%3A%2F%2Fplay.google.com%2Fstore%2Fapps%2Fdetails%3Fid%3Dcom.progos.elabelz%26hl%3Den",
      "iosstore":"https%3A%2F%2Fitunes.apple.com%2Fus%2Fapp%2Felabelz-fashion-shopping%2Fid1145303714%3Fmt%3D8",
      "MMPAndr":"",
      "MMPIOS":"",
      "Sample_Data":"%5B%0A%20%20%20%20%7B%0A%20%20%20%20%20%20%20%20%20%20%20%20%20%20%20%20%22__LARGE_DEFAULT_IMAGE__%22%3A%20%22https%3A%2F%2Fdid8bgz0fiqy1.cloudfront.net%2Fcatalog%2Fproduct%2Fs%2Fp%2Fspd01-kbs04-8108265172-black-30-front_6.jpg%22%2C%0A%20%20%20%20%20%20%20%20%20%20%20%20%20%20%20%20%22__DEFAULT_IMAGE__%22%3A%20%22https%3A%2F%2Fdid8bgz0fiqy1.cloudfront.net%2Fcatalog%2Fproduct%2Fs%2Fp%2Fspd01-kbs04-8108265172-black-30-front_6.jpg%22%2C%0A%20%20%20%20%20%20%20%20%20%20%20%20%20%20%20%20%22__PAGE_LINK__%22%3A%20%22https%3A%2F%2Fwww.elabelz.com%2Far_sa%2Fbuy-speedo-fit-panel-swim-shorts-for-kids-bottoms-242018.html%3Ffee%3D33%26fep%3D242018%22%2C%0A%20%20%20%20%20%20%20%20%20%20%20%20%20%20%20%20%22__SALE_PRICE__%22%3A%20%22145.00%22%2C%0A%20%20%20%20%20%20%20%20%20%20%20%20%20%20%20%20%22__ORIGINAL_PRICE__%22%3A%22185.00%22%2C%0A%20%20%20%20%20%20%20%20%20%20%20%20%20%20%20%20%22__TITLE__%22%3A%20%22%D8%B3%D8%A8%D9%8A%D8%AF%D9%88%22%2C%0A%20%20%20%20%20%20%20%20%20%20%20%20%20%20%20%20%0A%20%20%20%20%20%20%20%20%20%20%20%20%0A%20%20%20%20%7D%0A%20%20%20%20%5D",
      "Single_Sample_Data":"%5B%0A%20%20%20%20%7B%0A%20%20%20%20%20%20%20%20%20%20%20%20%20%20%20%20%22__LARGE_DEFAULT_IMAGE__%22%3A%20%22https%3A%2F%2Fdid8bgz0fiqy1.cloudfront.net%2Fcatalog%2Fproduct%2Fs%2Fp%2Fspd01-kbs04-8108265172-black-30-front_6.jpg%22%2C%0A%20%20%20%20%20%20%20%20%20%20%20%20%20%20%20%20%22__DEFAULT_IMAGE__%22%3A%20%22https%3A%2F%2Fdid8bgz0fiqy1.cloudfront.net%2Fcatalog%2Fproduct%2Fs%2Fp%2Fspd01-kbs04-8108265172-black-30-front_6.jpg%22%2C%0A%20%20%20%20%20%20%20%20%20%20%20%20%20%20%20%20%22__PAGE_LINK__%22%3A%20%22https%3A%2F%2Fwww.elabelz.com%2Far_sa%2Fbuy-speedo-fit-panel-swim-shorts-for-kids-bottoms-242018.html%3Ffee%3D33%26fep%3D242018%22%2C%0A%20%20%20%20%20%20%20%20%20%20%20%20%20%20%20%20%22__SALE_PRICE__%22%3A%20%22145.00%22%2C%0A%20%20%20%20%20%20%20%20%20%20%20%20%20%20%20%20%22__ORIGINAL_PRICE__%22%3A%22145.00%22%2C%0A%20%20%20%20%20%20%20%20%20%20%20%20%20%20%20%20%22__TITLE__%22%3A%20%22%D8%B3%D8%A8%D9%8A%D8%AF%D9%88%22%2C%0A%20%20%20%20%20%20%20%20%20%20%20%20%20%20%20%20%0A%20%20%20%20%20%20%20%20%20%20%20%20%0A%20%20%20%20%7D%0A%20%20%20%20%5D"

   },
   {  
      "AdID":"7295",
      "Advertiser":"Lifestyle",
      "CSS":"*%7Bfont-family%3A%20font-family%3A%20'Open%20Sans'%3B%7D",
      "JS":"currencyformat%3A%20%22Rs%20%22%2C%20%0A%20%20%20%20%20%20%20%20%20%20%20%20%20%20%20%20ctatext%3A%20%22Add%20to%20Basket%22%2C%0A%20%20%20%20%20%20%20%20%20%20%20%20%20%20%20%20discountcolor%3A%20%22%23f34723%22%2C%0A%20%20%20%20%20%20%20%20%20%20%20%20%20%20%20%20discountbg%3A%22%23fff%20%22%2C%0A%20%20%20%20%20%20%20%20%20%20%20%20%20%20%20%20discountbor%3A%221px%20solid%20%23fff%22%2C%0A%20%20%20%20%20%20%20%20%20%20%20%20%20%20%20%20ctacolor%3A%20%22%23fff%22%2C%0A%20%20%20%20%20%20%20%20%20%20%20%20%20%20%20%20ctabg%3A%20%22%2318b0e1%22%2C%0A%20%20%20%20%20%20%20%20%20%20%20%20%20%20%20%20titlecolor%3A%20%22%235c5b5b%22%2C%0A%20%20%20%20%20%20%20%20%20%20%20%20%20%20%20%20pricecolor%3A%20%22%23545454%22%2C%0A%20%20%20%20%20%20%20%20%20%20%20%20%20%20%20%20logo%3A%20%22images%2Flogo.jpg%22%2C%0A%20%20%20%20%20%20%20%20%20%20%20%20%20%20%20%20overlay%3A%20%22images%2Fdefault.jpg%22%2C",
      "AddJS":"",
      "Fallback":"",
      "Fontlink":"%3Clink%20href%3D%22https%3A%2F%2Ffonts.googleapis.com%2Fcss%3Ffamily%3DOpen%2BSans%22%20rel%3D%22stylesheet%22%3E",
      "Androidstore":"https%3A%2F%2Fplay.google.com%2Fstore%2Fapps%2Fdetails%3Fid%3Dcom.landmarkgroup.lifestylegulf",
      "iosstore":"https%3A%2F%2Fitunes.apple.com%2Fin%2Fapp%2Flifestyle-india%2Fid1180884618%3Fmt%3D8",
      "MMPAndr":"https%3A%2F%2Fapp.appsflyer.com%2Fcom.applications.lifestyle%3Faf_prt%3Drevx%26pid%3Drevx_int%26clickid%3D%7CUR_ID%7C%26is_retargeting%3Dtrue%26af_reengagement_window%3D30%26advertising_id%3D%7CADVERTISINGID%7C%26af_force_dp%3Dtrue%26af_dp%3D",
      "MMPIOS":"",
      "Sample_Data":"%20%5B%0A%20%7B%22__DEFAULT_IMAGE__%22%3A%22https%3A%2F%2F6c819239693cc4960b69-cc9b957bf963b53239339d3141093094.ssl.cf3.rackcdn.com%2F1000006581478-6418-Blue-Blue-Navy-Denim-1000006581478-6418_01-1200.jpg%22%2C%0A%20%22__LARGE_DEFAULT_IMAGE__%22%3A%22https%3A%2F%2F6c819239693cc4960b69-cc9b957bf963b53239339d3141093094.ssl.cf3.rackcdn.com%2F1000006581478-6418-Blue-Blue-Navy-Denim-1000006581478-6418_01-1200.jpg%22%2C%0A%20%22__ID__%22%3A%22673401669346%22%2C%0A%20%22__ORIGINAL_PRICE__%22%3A%221995.00%22%2C%0A%20%22__MEDIUM_DEFAULT_IMAGE__%22%3A%22https%3A%2F%2Frescdn.atomex.net%2Fdims3%2F12AB%2Fresize%2F100x100%2Cq_50%2Fhttp%3A%2F%2Fn1.sdlcdn.com%2Fimgs%2Ff%2Fd%2F2%2FApple-iPhone-6-32GB-Space-SDL093654756-1-24c7d.jpg%22%2C%0A%20%22__TITLE__%22%3A%22CATWALK%20Dual%20Strap%20Open-Toed%20Flats%22%2C%22__SALE_PRICE__%22%3A%221095.00%22%2C%0A%20%22__PAGE_LINK__%22%3A%22lmlifestylein%3A%2F%2Fwww.lifestylestores.com%2Fp%2F1000006581479%22%0A%0A%7D%5D",
      "Single_Sample_Data":"%20%5B%0A%20%7B%22__DEFAULT_IMAGE__%22%3A%22https%3A%2F%2F6c819239693cc4960b69-cc9b957bf963b53239339d3141093094.ssl.cf3.rackcdn.com%2F1000006581478-6418-Blue-Blue-Navy-Denim-1000006581478-6418_01-1200.jpg%22%2C%0A%20%22__LARGE_DEFAULT_IMAGE__%22%3A%22https%3A%2F%2F6c819239693cc4960b69-cc9b957bf963b53239339d3141093094.ssl.cf3.rackcdn.com%2F1000006581478-6418-Blue-Blue-Navy-Denim-1000006581478-6418_01-1200.jpg%22%2C%0A%20%22__ID__%22%3A%22673401669346%22%2C%0A%20%22__ORIGINAL_PRICE__%22%3A%221995.00%22%2C%0A%20%22__MEDIUM_DEFAULT_IMAGE__%22%3A%22https%3A%2F%2Frescdn.atomex.net%2Fdims3%2F12AB%2Fresize%2F100x100%2Cq_50%2Fhttp%3A%2F%2Fn1.sdlcdn.com%2Fimgs%2Ff%2Fd%2F2%2FApple-iPhone-6-32GB-Space-SDL093654756-1-24c7d.jpg%22%2C%0A%20%22__TITLE__%22%3A%22CATWALK%20Dual%20Strap%20Open-Toed%20Flats%22%2C%22__SALE_PRICE__%22%3A%221995.00%22%2C%0A%20%22__PAGE_LINK__%22%3A%22lmlifestylein%3A%2F%2Fwww.lifestylestores.com%2Fp%2F1000006581479%22%0A%0A%7D%5D"

   }
]