[{
	"Advertiser_Dimen":"AJIO",
    "Sample_Data":"%5B%7B%22__DEFAULT_IMAGE__%22%3A%22https%3A%2F%2Frescdn.atomex.net%2Fdims3%2F12AB%2Fresize%2F100x100%2Cq_50%2Fhttps%3A%2F%2Fwww.ajio.com%2Fmedias%2Fsys_master%2Froot%2Fhaf%2Fh94%2F10743204937758%2F-473Wx593H-460080144-navy-MODEL.jpg%22%2C%22__LARGE_DEFAULT_IMAGE__%22%3A%22https%3A%2F%2Frescdn.atomex.net%2Fdims3%2F12AB%2Fresize%2F460x460%2Cq_75%2Fhttps%3A%2F%2Fwww.ajio.com%2Fmedias%2Fsys_master%2Froot%2Fhaf%2Fh94%2F10743204937758%2F-473Wx593H-460080144-navy-MODEL.jpg%22%2C%22__ORIGINAL_PRICE__%22%3A%221699.0%22%2C%22__PAGE_LINK__%22%3A%22https%3A%2F%2Fwww.ajio.com%2Fajio-lace-up-n9-treated-sneakers%2Fp%2F460080144_navy%22%2C%22__BRAND__%22%3A%22AJIO%22%2C%22__MEDIUM_DEFAULT_IMAGE__%22%3A%22https%3A%2F%2Frescdn.atomex.net%2Fdims3%2F12AB%2Fresize%2F100x100%2Cq_50%2Fhttps%3A%2F%2Fwww.ajio.com%2Fmedias%2Fsys_master%2Froot%2Fhaf%2Fh94%2F10743204937758%2F-473Wx593H-460080144-navy-MODEL.jpg%22%2C%22__TITLE__%22%3A%22AJIO%20Men's%20Textured%20Sneakers%20(NAVY%20%2C%207)%22%2C%22__SALE_PRICE__%22%3A%22765.0%22%7D%0A%20%20%20%20%2C%7B%22__DEFAULT_IMAGE__%22%3A%22https%3A%2F%2Frescdn.atomex.net%2Fdims3%2F12AB%2Fresize%2F100x100%2Cq_50%2Fhttps%3A%2F%2Fwww.ajio.com%2Fmedias%2Fsys_master%2Froot%2Fhd8%2Fh2e%2F10945122140190%2F-473Wx593H-460167840-greymelange-MODEL.jpg%22%2C%22__LARGE_DEFAULT_IMAGE__%22%3A%22https%3A%2F%2Frescdn.atomex.net%2Fdims3%2F12AB%2Fresize%2F460x460%2Cq_75%2Fhttps%3A%2F%2Fwww.ajio.com%2Fmedias%2Fsys_master%2Froot%2Fhd8%2Fh2e%2F10945122140190%2F-473Wx593H-460167840-greymelange-MODEL.jpg%22%2C%22__ORIGINAL_PRICE__%22%3A%221899.0%22%2C%22__PAGE_LINK__%22%3A%22https%3A%2F%2Fwww.ajio.com%2Fthe-indian-garage-co-camouflage-print-cotton-joggers%2Fp%2F460167840_greymelange%22%2C%22__BRAND__%22%3A%22The%20Indian%20Garage%20Co%22%2C%22__MEDIUM_DEFAULT_IMAGE__%22%3A%22https%3A%2F%2Frescdn.atomex.net%2Fdims3%2F12AB%2Fresize%2F100x100%2Cq_50%2Fhttps%3A%2F%2Fwww.ajio.com%2Fmedias%2Fsys_master%2Froot%2Fhd8%2Fh2e%2F10945122140190%2F-473Wx593H-460167840-greymelange-MODEL.jpg%22%2C%22__TITLE__%22%3A%22The%20Indian%20Garage%20Co%20Men's%20Solid%20Track%20Pants%20(GREY%20MELANGE%20%2C%2034)%22%2C%22__SALE_PRICE__%22%3A%221139.0%22%7D%0A%20%20%20%20%2C%7B%22__DEFAULT_IMAGE__%22%3A%22https%3A%2F%2Frescdn.atomex.net%2Fdims3%2F12AB%2Fresize%2F100x100%2Cq_50%2Fhttps%3A%2F%2Fwww.ajio.com%2Fmedias%2Fsys_master%2Froot%2Fhb1%2Fh02%2F10373324046366%2F-473Wx593H-460089058-wine-MODEL.jpg%22%2C%22__LARGE_DEFAULT_IMAGE__%22%3A%22https%3A%2F%2Frescdn.atomex.net%2Fdims3%2F12AB%2Fresize%2F460x460%2Cq_75%2Fhttps%3A%2F%2Fwww.ajio.com%2Fmedias%2Fsys_master%2Froot%2Fhb1%2Fh02%2F10373324046366%2F-473Wx593H-460089058-wine-MODEL.jpg%22%2C%22__ORIGINAL_PRICE__%22%3A%22399.0%22%2C%22__PAGE_LINK__%22%3A%22https%3A%2F%2Fwww.ajio.com%2Fajio-text-print-crew-neck-t-shirt%2Fp%2F460089058_wine%22%2C%22__BRAND__%22%3A%22AJIO%22%2C%22__MEDIUM_DEFAULT_IMAGE__%22%3A%22https%3A%2F%2Frescdn.atomex.net%2Fdims3%2F12AB%2Fresize%2F100x100%2Cq_50%2Fhttps%3A%2F%2Fwww.ajio.com%2Fmedias%2Fsys_master%2Froot%2Fhb1%2Fh02%2F10373324046366%2F-473Wx593H-460089058-wine-MODEL.jpg%22%2C%22__TITLE__%22%3A%22AJIO%20Men's%20Typographic%20Tshirts%20(WINE%20%2C%20S)%22%2C%22__SALE_PRICE__%22%3A%22180.0%22%7D%0A%20%20%20%20%2C%7B%22__DEFAULT_IMAGE__%22%3A%22https%3A%2F%2Frescdn.atomex.net%2Fdims3%2F12AB%2Fresize%2F100x100%2Cq_50%2Fhttps%3A%2F%2Fwww.ajio.com%2Fmedias%2Fsys_master%2Froot%2Fh58%2Fhdd%2F10395203141662%2F-473Wx593H-410060917-wr69-MODEL.jpg%22%2C%22__LARGE_DEFAULT_IMAGE__%22%3A%22https%3A%2F%2Frescdn.atomex.net%2Fdims3%2F12AB%2Fresize%2F460x460%2Cq_75%2Fhttps%3A%2F%2Fwww.ajio.com%2Fmedias%2Fsys_master%2Froot%2Fh58%2Fhdd%2F10395203141662%2F-473Wx593H-410060917-wr69-MODEL.jpg%22%2C%22__ORIGINAL_PRICE__%22%3A%228990.0%22%2C%22__PAGE_LINK__%22%3A%22https%3A%2F%2Fwww.ajio.com%2Fgas-mid-wash-slim-fit-anders-jeans%2Fp%2F410060917_wr69%22%2C%22__BRAND__%22%3A%22GAS%22%2C%22__MEDIUM_DEFAULT_IMAGE__%22%3A%22https%3A%2F%2Frescdn.atomex.net%2Fdims3%2F12AB%2Fresize%2F100x100%2Cq_50%2Fhttps%3A%2F%2Fwww.ajio.com%2Fmedias%2Fsys_master%2Froot%2Fh58%2Fhdd%2F10395203141662%2F-473Wx593H-410060917-wr69-MODEL.jpg%22%2C%22__TITLE__%22%3A%22GAS%20Men's%20Dyed%2FWashed%20Jeans%20(WR69%20%2C%2036)%22%2C%22__SALE_PRICE__%22%3A%225394.0%22%7D%5D",
    "Dimension":"320x480","layout":"Tab_Swiper","logo":"%20%20.logo%7B%0A%20%20%20%20background-image%3A%20url(http%3A%2F%2Fcdn.atomex.net%2Fcreatives%2F7051%2F1499237334644_73346440_images%2Flogo.png)%3B%0A%20%20%7D%0A%20%20.button%7B%0A%20%20%20%20background%3A%20%23bb870c%3B%0A%20%20%7D"

},{
	"Advertiser_Dimen":"Flipkart",
    "Sample_Data":"%5B%7B%22__DEFAULT_IMAGE__%22%3A%22https%3A%2F%2Frukminim1.flixcart.com%2Fimage%2F600%2F600%2Fjfikknk0%2Fwashing-machine-trolley%2Fd%2Fh%2F3%2Fdcsk-deccanbell-original-imaf3wszzvffyzm9.jpeg%3Fq%3D90%22%2C%22__LARGE_DEFAULT_IMAGE__%22%3A%22https%3A%2F%2Frukminim1.flixcart.com%2Fimage%2F600%2F600%2Fjfikknk0%2Fwashing-machine-trolley%2Fd%2Fh%2F3%2Fdcsk-deccanbell-original-imaf3wszzvffyzm9.jpeg%3Fq%3D90%22%2C%22__ORIGINAL_PRICE__%22%3A%221699.0%22%2C%22__PAGE_LINK__%22%3A%22https%3A%2F%2Fwww.ajio.com%2Fajio-lace-up-n9-treated-sneakers%2Fp%2F460080144_navy%22%2C%22__BRAND__%22%3A%22AJIO%22%2C%22__MEDIUM_DEFAULT_IMAGE__%22%3A%22https%3A%2F%2Frescdn.atomex.net%2Fdims3%2F12AB%2Fresize%2F100x100%2Cq_50%2Fhttps%3A%2F%2Fwww.ajio.com%2Fmedias%2Fsys_master%2Froot%2Fhaf%2Fh94%2F10743204937758%2F-473Wx593H-460080144-navy-MODEL.jpg%22%2C%22__TITLE__%22%3A%22DeccanBell%20DCSK%20Washing%20Machine%20Trolley%22%2C%22__SALE_PRICE__%22%3A%22765.0%22%7D%2C%0A%7B%22__DEFAULT_IMAGE__%22%3A%22https%3A%2F%2Frukminim1.flixcart.com%2Fimage%2F600%2F600%2Fjfikknk0%2Fwall-clock%2Fn%2Fg%2Fv%2Fwall-clock-for-kids-room-hanging-clocks-with-photo-frame-edf486-original-imaf3xfqcknqkggp.jpeg%3Fq%3D90%22%2C%22__LARGE_DEFAULT_IMAGE__%22%3A%22https%3A%2F%2Frukminim1.flixcart.com%2Fimage%2F600%2F600%2Fjfikknk0%2Fwall-clock%2Fn%2Fg%2Fv%2Fwall-clock-for-kids-room-hanging-clocks-with-photo-frame-edf486-original-imaf3xfqcknqkggp.jpeg%3Fq%3D90%22%2C%22__ORIGINAL_PRICE__%22%3A%221899.0%22%2C%22__PAGE_LINK__%22%3A%22https%3A%2F%2Fwww.ajio.com%2Fthe-indian-garage-co-camouflage-print-cotton-joggers%2Fp%2F460167840_greymelange%22%2C%22__BRAND__%22%3A%22The%20Indian%20Garage%20Co%22%2C%22__MEDIUM_DEFAULT_IMAGE__%22%3A%22https%3A%2F%2Frescdn.atomex.net%2Fdims3%2F12AB%2Fresize%2F100x100%2Cq_50%2Fhttps%3A%2F%2Fwww.ajio.com%2Fmedias%2Fsys_master%2Froot%2Fhd8%2Fh2e%2F10945122140190%2F-473Wx593H-460167840-greymelange-MODEL.jpg%22%2C%22__TITLE__%22%3A%22Majik%20Analog%20Wall%20Clock%22%2C%22__SALE_PRICE__%22%3A%221139.0%22%7D%2C%0A%7B%22__DEFAULT_IMAGE__%22%3A%22https%3A%2F%2Frukminim1.flixcart.com%2Fimage%2F600%2F600%2Fjfh54sw0%2Fwall-clock%2F4%2Fv%2Ft%2Fwall-clock-for-living-room-wall-clock-for-bedroom-stylish-original-imaf3xfqcknqkggp.jpeg%3Fq%3D90%22%2C%22__LARGE_DEFAULT_IMAGE__%22%3A%22https%3A%2F%2Frukminim1.flixcart.com%2Fimage%2F600%2F600%2Fjfh54sw0%2Fwall-clock%2F4%2Fv%2Ft%2Fwall-clock-for-living-room-wall-clock-for-bedroom-stylish-original-imaf3xfqcknqkggp.jpeg%3Fq%3D90%22%2C%22__ORIGINAL_PRICE__%22%3A%22399.0%22%2C%22__PAGE_LINK__%22%3A%22https%3A%2F%2Fwww.ajio.com%2Fajio-text-print-crew-neck-t-shirt%2Fp%2F460089058_wine%22%2C%22__BRAND__%22%3A%22AJIO%22%2C%22__MEDIUM_DEFAULT_IMAGE__%22%3A%22https%3A%2F%2Frescdn.atomex.net%2Fdims3%2F12AB%2Fresize%2F100x100%2Cq_50%2Fhttps%3A%2F%2Fwww.ajio.com%2Fmedias%2Fsys_master%2Froot%2Fhb1%2Fh02%2F10373324046366%2F-473Wx593H-460089058-wine-MODEL.jpg%22%2C%22__TITLE__%22%3A%22Fully%20Analog%20Wall%20Clock%22%2C%22__SALE_PRICE__%22%3A%22180.0%22%7D%2C%0A%7B%22__DEFAULT_IMAGE__%22%3A%22https%3A%2F%2Frukminim1.flixcart.com%2Fimage%2F600%2F600%2Fjehf4i80%2Fwall-clock%2Fn%2Fk%2Fz%2F511-511-analog-sonic-original-imaf35zxx4xgx8ew.jpeg%3Fq%3D90%22%2C%22__LARGE_DEFAULT_IMAGE__%22%3A%22https%3A%2F%2Frukminim1.flixcart.com%2Fimage%2F600%2F600%2Fjehf4i80%2Fwall-clock%2Fn%2Fk%2Fz%2F511-511-analog-sonic-original-imaf35zxx4xgx8ew.jpeg%3Fq%3D90%22%2C%22__ORIGINAL_PRICE__%22%3A%228990.0%22%2C%22__PAGE_LINK__%22%3A%22http%3A%2F%2Fwww.flipkart.com%2Fsonic-analog-20-cm-dia-wall-clock%2Fp%2Fitmf35t8ebyf8znu%3Fpid%3DWCKF35PFZ62SNNKZ%26cmpid%3Dcontent_appretar_HomeDecor_HomeDecor_revx%22%2C%22__BRAND__%22%3A%22GAS%22%2C%22__MEDIUM_DEFAULT_IMAGE__%22%3A%22https%3A%2F%2Frescdn.atomex.net%2Fdims3%2F12AB%2Fresize%2F100x100%2Cq_50%2Fhttps%3A%2F%2Fwww.ajio.com%2Fmedias%2Fsys_master%2Froot%2Fh58%2Fhdd%2F10395203141662%2F-473Wx593H-410060917-wr69-MODEL.jpg%22%2C%22__TITLE__%22%3A%22Sonic%20Analog%2020%20cm%20Dia%20Wall%20Clock%22%2C%22__SALE_PRICE__%22%3A%225394.0%22%7D%5D",
    "Dimension":"320x480","layout":"productview","logo":"%20.logo%7B%0A%20%20%20%20background-color%3A%20%230076f6%3B%0A%20%20%20%20background-image%3A%20url(http%3A%2F%2Fcdn.atomex.net%2Fcreatives%2F6804%2F1506602616967_26169670_images%2Flogo.png)%3B%0Abackground-repeat%3A%20no-repeat%3B%0A%20%20%20%20background-position%3A%20center%3B%20%20%0A%7D%0A%20%20.button%2Cbutton%7B%0A%20%20%20%20background%3A%20%23ff6b00%3B%0A%20%20%7D%0Aspan.discoun%2C.discount%7B%0Acolor%3A%20%233a9c43%3B%0A%7D"

},{
	"Advertiser_Dimen":"Flipkart",
    "Sample_Data":"%5B%7B%22__DEFAULT_IMAGE__%22%3A%22https%3A%2F%2Frukminim1.flixcart.com%2Fimage%2F600%2F600%2Fjfikknk0%2Fwashing-machine-trolley%2Fd%2Fh%2F3%2Fdcsk-deccanbell-original-imaf3wszzvffyzm9.jpeg%3Fq%3D90%22%2C%22__LARGE_DEFAULT_IMAGE__%22%3A%22https%3A%2F%2Frukminim1.flixcart.com%2Fimage%2F600%2F600%2Fjfikknk0%2Fwashing-machine-trolley%2Fd%2Fh%2F3%2Fdcsk-deccanbell-original-imaf3wszzvffyzm9.jpeg%3Fq%3D90%22%2C%22__ORIGINAL_PRICE__%22%3A%221699.0%22%2C%22__PAGE_LINK__%22%3A%22https%3A%2F%2Fwww.flipkart.com%2Fflipkart-lace-up-n9-treated-sneakers%2Fp%2F460080144_navy%22%2C%22__BRAND__%22%3A%22flipkart%22%2C%22__MEDIUM_DEFAULT_IMAGE__%22%3A%22https%3A%2F%2Frescdn.atomex.net%2Fdims3%2F12AB%2Fresize%2F100x100%2Cq_50%2Fhttps%3A%2F%2Fwww.flipkart.com%2Fmedias%2Fsys_master%2Froot%2Fhaf%2Fh94%2F10743204937758%2F-473Wx593H-460080144-navy-MODEL.jpg%22%2C%22__TITLE__%22%3A%22DeccanBell%20DCSK%20Washing%20Machine%20Trolley%22%2C%22__SALE_PRICE__%22%3A%22765.0%22%7D%2C%0A%7B%22__DEFAULT_IMAGE__%22%3A%22https%3A%2F%2Frukminim1.flixcart.com%2Fimage%2F600%2F600%2Fjfikknk0%2Fwall-clock%2Fn%2Fg%2Fv%2Fwall-clock-for-kids-room-hanging-clocks-with-photo-frame-edf486-original-imaf3xfqcknqkggp.jpeg%3Fq%3D90%22%2C%22__LARGE_DEFAULT_IMAGE__%22%3A%22https%3A%2F%2Frukminim1.flixcart.com%2Fimage%2F600%2F600%2Fjfikknk0%2Fwall-clock%2Fn%2Fg%2Fv%2Fwall-clock-for-kids-room-hanging-clocks-with-photo-frame-edf486-original-imaf3xfqcknqkggp.jpeg%3Fq%3D90%22%2C%22__ORIGINAL_PRICE__%22%3A%221899.0%22%2C%22__PAGE_LINK__%22%3A%22https%3A%2F%2Fwww.flipkart.com%2Fthe-indian-garage-co-camouflage-print-cotton-joggers%2Fp%2F460167840_greymelange%22%2C%22__BRAND__%22%3A%22The%20Indian%20Garage%20Co%22%2C%22__MEDIUM_DEFAULT_IMAGE__%22%3A%22https%3A%2F%2Frescdn.atomex.net%2Fdims3%2F12AB%2Fresize%2F100x100%2Cq_50%2Fhttps%3A%2F%2Fwww.flipkart.com%2Fmedias%2Fsys_master%2Froot%2Fhd8%2Fh2e%2F10945122140190%2F-473Wx593H-460167840-greymelange-MODEL.jpg%22%2C%22__TITLE__%22%3A%22Majik%20Analog%20Wall%20Clock%22%2C%22__SALE_PRICE__%22%3A%221139.0%22%7D%2C%0A%7B%22__DEFAULT_IMAGE__%22%3A%22https%3A%2F%2Frukminim1.flixcart.com%2Fimage%2F600%2F600%2Fjfh54sw0%2Fwall-clock%2F4%2Fv%2Ft%2Fwall-clock-for-living-room-wall-clock-for-bedroom-stylish-original-imaf3xfqcknqkggp.jpeg%3Fq%3D90%22%2C%22__LARGE_DEFAULT_IMAGE__%22%3A%22https%3A%2F%2Frukminim1.flixcart.com%2Fimage%2F600%2F600%2Fjfh54sw0%2Fwall-clock%2F4%2Fv%2Ft%2Fwall-clock-for-living-room-wall-clock-for-bedroom-stylish-original-imaf3xfqcknqkggp.jpeg%3Fq%3D90%22%2C%22__ORIGINAL_PRICE__%22%3A%22399.0%22%2C%22__PAGE_LINK__%22%3A%22https%3A%2F%2Fwww.flipkart.com%2Fflipkart-text-print-crew-neck-t-shirt%2Fp%2F460089058_wine%22%2C%22__BRAND__%22%3A%22flipkart%22%2C%22__MEDIUM_DEFAULT_IMAGE__%22%3A%22https%3A%2F%2Frescdn.atomex.net%2Fdims3%2F12AB%2Fresize%2F100x100%2Cq_50%2Fhttps%3A%2F%2Fwww.flipkart.com%2Fmedias%2Fsys_master%2Froot%2Fhb1%2Fh02%2F10373324046366%2F-473Wx593H-460089058-wine-MODEL.jpg%22%2C%22__TITLE__%22%3A%22Fully%20Analog%20Wall%20Clock%22%2C%22__SALE_PRICE__%22%3A%22180.0%22%7D%2C%0A%7B%22__DEFAULT_IMAGE__%22%3A%22https%3A%2F%2Frukminim1.flixcart.com%2Fimage%2F600%2F600%2Fjehf4i80%2Fwall-clock%2Fn%2Fk%2Fz%2F511-511-analog-sonic-original-imaf35zxx4xgx8ew.jpeg%3Fq%3D90%22%2C%22__LARGE_DEFAULT_IMAGE__%22%3A%22https%3A%2F%2Frukminim1.flixcart.com%2Fimage%2F600%2F600%2Fjehf4i80%2Fwall-clock%2Fn%2Fk%2Fz%2F511-511-analog-sonic-original-imaf35zxx4xgx8ew.jpeg%3Fq%3D90%22%2C%22__ORIGINAL_PRICE__%22%3A%228990.0%22%2C%22__PAGE_LINK__%22%3A%22http%3A%2F%2Fwww.flipkart.com%2Fsonic-analog-20-cm-dia-wall-clock%2Fp%2Fitmf35t8ebyf8znu%3Fpid%3DWCKF35PFZ62SNNKZ%26cmpid%3Dcontent_appretar_HomeDecor_HomeDecor_revx%22%2C%22__BRAND__%22%3A%22GAS%22%2C%22__MEDIUM_DEFAULT_IMAGE__%22%3A%22https%3A%2F%2Frescdn.atomex.net%2Fdims3%2F12AB%2Fresize%2F100x100%2Cq_50%2Fhttps%3A%2F%2Fwww.flipkart.com%2Fmedias%2Fsys_master%2Froot%2Fh58%2Fhdd%2F10395203141662%2F-473Wx593H-410060917-wr69-MODEL.jpg%22%2C%22__TITLE__%22%3A%22Sonic%20Analog%2020%20cm%20Dia%20Wall%20Clock%22%2C%22__SALE_PRICE__%22%3A%225394.0%22%7D%5D",
    "Dimension":"320x480","layout":"Tab_Swiper","logo":"%20.logo%7B%0A%20%20%20%20background-color%3A%20%230076f6%3B%0A%20%20%20%20background-image%3A%20url(http%3A%2F%2Fcdn.atomex.net%2Fcreatives%2F6804%2F1506602616967_26169670_images%2Flogo.png)%3B%0Abackground-repeat%3A%20no-repeat%3B%0A%20%20%20%20background-position%3A%20center%3B%20%20%0A%7D%0A%20%20.button%2Cbutton%7B%0A%20%20%20%20background%3A%20%23ff6b00%3B%0A%20%20%7D%0Aspan.discoun%2C.discount%7B%0Acolor%3A%20%233a9c43%3B%0A%7D"

},{
	"Advertiser_Dimen":"Flipkart",
    "Sample_Data":"%5B%7B%22__DEFAULT_IMAGE__%22%3A%22https%3A%2F%2Frukminim1.flixcart.com%2Fimage%2F600%2F600%2Fjfikknk0%2Fwashing-machine-trolley%2Fd%2Fh%2F3%2Fdcsk-deccanbell-original-imaf3wszzvffyzm9.jpeg%3Fq%3D90%22%2C%22__LARGE_DEFAULT_IMAGE__%22%3A%22https%3A%2F%2Frukminim1.flixcart.com%2Fimage%2F600%2F600%2Fjfikknk0%2Fwashing-machine-trolley%2Fd%2Fh%2F3%2Fdcsk-deccanbell-original-imaf3wszzvffyzm9.jpeg%3Fq%3D90%22%2C%22__ORIGINAL_PRICE__%22%3A%221699.0%22%2C%22__PAGE_LINK__%22%3A%22https%3A%2F%2Fwww.flipkart.com%2Fflipkart-lace-up-n9-treated-sneakers%2Fp%2F460080144_navy%22%2C%22__BRAND__%22%3A%22flipkart%22%2C%22__MEDIUM_DEFAULT_IMAGE__%22%3A%22https%3A%2F%2Frescdn.atomex.net%2Fdims3%2F12AB%2Fresize%2F100x100%2Cq_50%2Fhttps%3A%2F%2Fwww.flipkart.com%2Fmedias%2Fsys_master%2Froot%2Fhaf%2Fh94%2F10743204937758%2F-473Wx593H-460080144-navy-MODEL.jpg%22%2C%22__TITLE__%22%3A%22DeccanBell%20DCSK%20Washing%20Machine%20Trolley%22%2C%22__SALE_PRICE__%22%3A%22765.0%22%7D%2C%0A%7B%22__DEFAULT_IMAGE__%22%3A%22https%3A%2F%2Frukminim1.flixcart.com%2Fimage%2F600%2F600%2Fjfikknk0%2Fwall-clock%2Fn%2Fg%2Fv%2Fwall-clock-for-kids-room-hanging-clocks-with-photo-frame-edf486-original-imaf3xfqcknqkggp.jpeg%3Fq%3D90%22%2C%22__LARGE_DEFAULT_IMAGE__%22%3A%22https%3A%2F%2Frukminim1.flixcart.com%2Fimage%2F600%2F600%2Fjfikknk0%2Fwall-clock%2Fn%2Fg%2Fv%2Fwall-clock-for-kids-room-hanging-clocks-with-photo-frame-edf486-original-imaf3xfqcknqkggp.jpeg%3Fq%3D90%22%2C%22__ORIGINAL_PRICE__%22%3A%221899.0%22%2C%22__PAGE_LINK__%22%3A%22https%3A%2F%2Fwww.flipkart.com%2Fthe-indian-garage-co-camouflage-print-cotton-joggers%2Fp%2F460167840_greymelange%22%2C%22__BRAND__%22%3A%22The%20Indian%20Garage%20Co%22%2C%22__MEDIUM_DEFAULT_IMAGE__%22%3A%22https%3A%2F%2Frescdn.atomex.net%2Fdims3%2F12AB%2Fresize%2F100x100%2Cq_50%2Fhttps%3A%2F%2Fwww.flipkart.com%2Fmedias%2Fsys_master%2Froot%2Fhd8%2Fh2e%2F10945122140190%2F-473Wx593H-460167840-greymelange-MODEL.jpg%22%2C%22__TITLE__%22%3A%22Majik%20Analog%20Wall%20Clock%22%2C%22__SALE_PRICE__%22%3A%221139.0%22%7D%2C%0A%7B%22__DEFAULT_IMAGE__%22%3A%22https%3A%2F%2Frukminim1.flixcart.com%2Fimage%2F600%2F600%2Fjfh54sw0%2Fwall-clock%2F4%2Fv%2Ft%2Fwall-clock-for-living-room-wall-clock-for-bedroom-stylish-original-imaf3xfqcknqkggp.jpeg%3Fq%3D90%22%2C%22__LARGE_DEFAULT_IMAGE__%22%3A%22https%3A%2F%2Frukminim1.flixcart.com%2Fimage%2F600%2F600%2Fjfh54sw0%2Fwall-clock%2F4%2Fv%2Ft%2Fwall-clock-for-living-room-wall-clock-for-bedroom-stylish-original-imaf3xfqcknqkggp.jpeg%3Fq%3D90%22%2C%22__ORIGINAL_PRICE__%22%3A%22399.0%22%2C%22__PAGE_LINK__%22%3A%22https%3A%2F%2Fwww.flipkart.com%2Fflipkart-text-print-crew-neck-t-shirt%2Fp%2F460089058_wine%22%2C%22__BRAND__%22%3A%22flipkart%22%2C%22__MEDIUM_DEFAULT_IMAGE__%22%3A%22https%3A%2F%2Frescdn.atomex.net%2Fdims3%2F12AB%2Fresize%2F100x100%2Cq_50%2Fhttps%3A%2F%2Fwww.flipkart.com%2Fmedias%2Fsys_master%2Froot%2Fhb1%2Fh02%2F10373324046366%2F-473Wx593H-460089058-wine-MODEL.jpg%22%2C%22__TITLE__%22%3A%22Fully%20Analog%20Wall%20Clock%22%2C%22__SALE_PRICE__%22%3A%22180.0%22%7D%2C%0A%7B%22__DEFAULT_IMAGE__%22%3A%22https%3A%2F%2Frukminim1.flixcart.com%2Fimage%2F600%2F600%2Fjehf4i80%2Fwall-clock%2Fn%2Fk%2Fz%2F511-511-analog-sonic-original-imaf35zxx4xgx8ew.jpeg%3Fq%3D90%22%2C%22__LARGE_DEFAULT_IMAGE__%22%3A%22https%3A%2F%2Frukminim1.flixcart.com%2Fimage%2F600%2F600%2Fjehf4i80%2Fwall-clock%2Fn%2Fk%2Fz%2F511-511-analog-sonic-original-imaf35zxx4xgx8ew.jpeg%3Fq%3D90%22%2C%22__ORIGINAL_PRICE__%22%3A%228990.0%22%2C%22__PAGE_LINK__%22%3A%22http%3A%2F%2Fwww.flipkart.com%2Fsonic-analog-20-cm-dia-wall-clock%2Fp%2Fitmf35t8ebyf8znu%3Fpid%3DWCKF35PFZ62SNNKZ%26cmpid%3Dcontent_appretar_HomeDecor_HomeDecor_revx%22%2C%22__BRAND__%22%3A%22GAS%22%2C%22__MEDIUM_DEFAULT_IMAGE__%22%3A%22https%3A%2F%2Frescdn.atomex.net%2Fdims3%2F12AB%2Fresize%2F100x100%2Cq_50%2Fhttps%3A%2F%2Fwww.flipkart.com%2Fmedias%2Fsys_master%2Froot%2Fh58%2Fhdd%2F10395203141662%2F-473Wx593H-410060917-wr69-MODEL.jpg%22%2C%22__TITLE__%22%3A%22Sonic%20Analog%2020%20cm%20Dia%20Wall%20Clock%22%2C%22__SALE_PRICE__%22%3A%225394.0%22%7D%5D",
    "Dimension":"320x480","layout":"Gridview","logo":"%20.logo%7B%0A%20%20%20%20background-color%3A%20%230076f6%3B%0A%20%20%20%20background-image%3A%20url(http%3A%2F%2Fcdn.atomex.net%2Fcreatives%2F6804%2F1506602616967_26169670_images%2Flogo.png)%3B%0Abackground-repeat%3A%20no-repeat%3B%0A%20%20%20%20background-position%3A%20center%3B%20%20%0A%7D%0A%20%20.button%2Cbutton%7B%0A%20%20%20%20background%3A%20%23ff6b00%3B%0A%20%20%7D%0Aspan.discoun%2C.discount%7B%0Acolor%3A%20%233a9c43%3B%0A%7D"

},{
	"Advertiser_Dimen":"Flipkart",
    "Sample_Data":"%5B%7B%22__DEFAULT_IMAGE__%22%3A%22https%3A%2F%2Frukminim1.flixcart.com%2Fimage%2F600%2F600%2Fjfikknk0%2Fwashing-machine-trolley%2Fd%2Fh%2F3%2Fdcsk-deccanbell-original-imaf3wszzvffyzm9.jpeg%3Fq%3D90%22%2C%22__LARGE_DEFAULT_IMAGE__%22%3A%22https%3A%2F%2Frukminim1.flixcart.com%2Fimage%2F600%2F600%2Fjfikknk0%2Fwashing-machine-trolley%2Fd%2Fh%2F3%2Fdcsk-deccanbell-original-imaf3wszzvffyzm9.jpeg%3Fq%3D90%22%2C%22__ORIGINAL_PRICE__%22%3A%221699.0%22%2C%22__PAGE_LINK__%22%3A%22https%3A%2F%2Fwww.ajio.com%2Fajio-lace-up-n9-treated-sneakers%2Fp%2F460080144_navy%22%2C%22__BRAND__%22%3A%22AJIO%22%2C%22__MEDIUM_DEFAULT_IMAGE__%22%3A%22https%3A%2F%2Frescdn.atomex.net%2Fdims3%2F12AB%2Fresize%2F100x100%2Cq_50%2Fhttps%3A%2F%2Fwww.ajio.com%2Fmedias%2Fsys_master%2Froot%2Fhaf%2Fh94%2F10743204937758%2F-473Wx593H-460080144-navy-MODEL.jpg%22%2C%22__TITLE__%22%3A%22DeccanBell%20DCSK%20Washing%20Machine%20Trolley%22%2C%22__SALE_PRICE__%22%3A%22765.0%22%7D%2C%0A%7B%22__DEFAULT_IMAGE__%22%3A%22https%3A%2F%2Frukminim1.flixcart.com%2Fimage%2F600%2F600%2Fjfikknk0%2Fwall-clock%2Fn%2Fg%2Fv%2Fwall-clock-for-kids-room-hanging-clocks-with-photo-frame-edf486-original-imaf3xfqcknqkggp.jpeg%3Fq%3D90%22%2C%22__LARGE_DEFAULT_IMAGE__%22%3A%22https%3A%2F%2Frukminim1.flixcart.com%2Fimage%2F600%2F600%2Fjfikknk0%2Fwall-clock%2Fn%2Fg%2Fv%2Fwall-clock-for-kids-room-hanging-clocks-with-photo-frame-edf486-original-imaf3xfqcknqkggp.jpeg%3Fq%3D90%22%2C%22__ORIGINAL_PRICE__%22%3A%221899.0%22%2C%22__PAGE_LINK__%22%3A%22https%3A%2F%2Fwww.ajio.com%2Fthe-indian-garage-co-camouflage-print-cotton-joggers%2Fp%2F460167840_greymelange%22%2C%22__BRAND__%22%3A%22The%20Indian%20Garage%20Co%22%2C%22__MEDIUM_DEFAULT_IMAGE__%22%3A%22https%3A%2F%2Frescdn.atomex.net%2Fdims3%2F12AB%2Fresize%2F100x100%2Cq_50%2Fhttps%3A%2F%2Fwww.ajio.com%2Fmedias%2Fsys_master%2Froot%2Fhd8%2Fh2e%2F10945122140190%2F-473Wx593H-460167840-greymelange-MODEL.jpg%22%2C%22__TITLE__%22%3A%22Majik%20Analog%20Wall%20Clock%22%2C%22__SALE_PRICE__%22%3A%221139.0%22%7D%2C%0A%7B%22__DEFAULT_IMAGE__%22%3A%22https%3A%2F%2Frukminim1.flixcart.com%2Fimage%2F600%2F600%2Fjfh54sw0%2Fwall-clock%2F4%2Fv%2Ft%2Fwall-clock-for-living-room-wall-clock-for-bedroom-stylish-original-imaf3xfqcknqkggp.jpeg%3Fq%3D90%22%2C%22__LARGE_DEFAULT_IMAGE__%22%3A%22https%3A%2F%2Frukminim1.flixcart.com%2Fimage%2F600%2F600%2Fjfh54sw0%2Fwall-clock%2F4%2Fv%2Ft%2Fwall-clock-for-living-room-wall-clock-for-bedroom-stylish-original-imaf3xfqcknqkggp.jpeg%3Fq%3D90%22%2C%22__ORIGINAL_PRICE__%22%3A%22399.0%22%2C%22__PAGE_LINK__%22%3A%22https%3A%2F%2Fwww.ajio.com%2Fajio-text-print-crew-neck-t-shirt%2Fp%2F460089058_wine%22%2C%22__BRAND__%22%3A%22AJIO%22%2C%22__MEDIUM_DEFAULT_IMAGE__%22%3A%22https%3A%2F%2Frescdn.atomex.net%2Fdims3%2F12AB%2Fresize%2F100x100%2Cq_50%2Fhttps%3A%2F%2Fwww.ajio.com%2Fmedias%2Fsys_master%2Froot%2Fhb1%2Fh02%2F10373324046366%2F-473Wx593H-460089058-wine-MODEL.jpg%22%2C%22__TITLE__%22%3A%22Fully%20Analog%20Wall%20Clock%22%2C%22__SALE_PRICE__%22%3A%22180.0%22%7D%2C%0A%5D%3B",
    "Dimension":"320x480","layout":"Massive","logo":"*%20%7B%0A%20%20%20%20%20%20%20%20%20%20%20%20font-family%3A%20Roboto%3B%0A%20%20%20%20%20%20%20%20%7D%0A%0A%20%20%20%20%20%20%20%20.logo%20%7B%0A%20%20%20%20%20%20%20%20%20%20%20%20background-image%3A%20url(https%3A%2F%2Fcdn.atomex.net%2Fcreatives%2F6804%2F1510644987687_49876871_images%2Flogo.png)%3B%0A%20%20%20%20%20%20%20%20%20%20%20%20background-position%3A%20center%3B%0A%20%20%20%20%20%20%20%20%20%20%20%20background-repeat%3A%20no-repeat%3B%0A%20%20%20%20%20%20%20%20%20%20%20%20background-color%3A%20%232173f7%3B%0A%20%20%20%20%20%20%20%20%7D%0A%0A%20%20%20%20%20%20%20%20button%2C%0A%20%20%20%20%20%20%20%20.button%20%7B%0A%20%20%20%20%20%20%20%20%20%20%20%20background-color%3A%20%23ff6b00%3B%0A%20%20%20%20%20%20%20%20%20%20%20%20color%3A%20white%3B%0A%20%20%20%20%20%20%20%20%7D%0A%0A%20%20%20%20%20%20%20%20.discount%20%7B%0A%20%20%20%20%20%20%20%20%20%20%20%20color%3A%20%233a9c43%3B%0A%20%20%20%20%20%20%20%20%7D"

},{
	"Advertiser_Dimen":"Flipkart",
    "Sample_Data":"%5B%7B%22__DEFAULT_IMAGE__%22%3A%22https%3A%2F%2Frukminim1.flixcart.com%2Fimage%2F600%2F600%2Fjfikknk0%2Fwashing-machine-trolley%2Fd%2Fh%2F3%2Fdcsk-deccanbell-original-imaf3wszzvffyzm9.jpeg%3Fq%3D90%22%2C%22__LARGE_DEFAULT_IMAGE__%22%3A%22https%3A%2F%2Frukminim1.flixcart.com%2Fimage%2F600%2F600%2Fjfikknk0%2Fwashing-machine-trolley%2Fd%2Fh%2F3%2Fdcsk-deccanbell-original-imaf3wszzvffyzm9.jpeg%3Fq%3D90%22%2C%22__ORIGINAL_PRICE__%22%3A%221699.0%22%2C%22__PAGE_LINK__%22%3A%22https%3A%2F%2Fwww.ajio.com%2Fajio-lace-up-n9-treated-sneakers%2Fp%2F460080144_navy%22%2C%22__BRAND__%22%3A%22AJIO%22%2C%22__MEDIUM_DEFAULT_IMAGE__%22%3A%22https%3A%2F%2Frescdn.atomex.net%2Fdims3%2F12AB%2Fresize%2F100x100%2Cq_50%2Fhttps%3A%2F%2Fwww.ajio.com%2Fmedias%2Fsys_master%2Froot%2Fhaf%2Fh94%2F10743204937758%2F-473Wx593H-460080144-navy-MODEL.jpg%22%2C%22__TITLE__%22%3A%22DeccanBell%20DCSK%20Washing%20Machine%20Trolley%22%2C%22__SALE_PRICE__%22%3A%22765.0%22%7D%2C%0A%7B%22__DEFAULT_IMAGE__%22%3A%22https%3A%2F%2Frukminim1.flixcart.com%2Fimage%2F600%2F600%2Fjfikknk0%2Fwall-clock%2Fn%2Fg%2Fv%2Fwall-clock-for-kids-room-hanging-clocks-with-photo-frame-edf486-original-imaf3xfqcknqkggp.jpeg%3Fq%3D90%22%2C%22__LARGE_DEFAULT_IMAGE__%22%3A%22https%3A%2F%2Frukminim1.flixcart.com%2Fimage%2F600%2F600%2Fjfikknk0%2Fwall-clock%2Fn%2Fg%2Fv%2Fwall-clock-for-kids-room-hanging-clocks-with-photo-frame-edf486-original-imaf3xfqcknqkggp.jpeg%3Fq%3D90%22%2C%22__ORIGINAL_PRICE__%22%3A%221899.0%22%2C%22__PAGE_LINK__%22%3A%22https%3A%2F%2Fwww.ajio.com%2Fthe-indian-garage-co-camouflage-print-cotton-joggers%2Fp%2F460167840_greymelange%22%2C%22__BRAND__%22%3A%22The%20Indian%20Garage%20Co%22%2C%22__MEDIUM_DEFAULT_IMAGE__%22%3A%22https%3A%2F%2Frescdn.atomex.net%2Fdims3%2F12AB%2Fresize%2F100x100%2Cq_50%2Fhttps%3A%2F%2Fwww.ajio.com%2Fmedias%2Fsys_master%2Froot%2Fhd8%2Fh2e%2F10945122140190%2F-473Wx593H-460167840-greymelange-MODEL.jpg%22%2C%22__TITLE__%22%3A%22Majik%20Analog%20Wall%20Clock%22%2C%22__SALE_PRICE__%22%3A%221139.0%22%7D%2C%0A%7B%22__DEFAULT_IMAGE__%22%3A%22https%3A%2F%2Frukminim1.flixcart.com%2Fimage%2F600%2F600%2Fjfh54sw0%2Fwall-clock%2F4%2Fv%2Ft%2Fwall-clock-for-living-room-wall-clock-for-bedroom-stylish-original-imaf3xfqcknqkggp.jpeg%3Fq%3D90%22%2C%22__LARGE_DEFAULT_IMAGE__%22%3A%22https%3A%2F%2Frukminim1.flixcart.com%2Fimage%2F600%2F600%2Fjfh54sw0%2Fwall-clock%2F4%2Fv%2Ft%2Fwall-clock-for-living-room-wall-clock-for-bedroom-stylish-original-imaf3xfqcknqkggp.jpeg%3Fq%3D90%22%2C%22__ORIGINAL_PRICE__%22%3A%22399.0%22%2C%22__PAGE_LINK__%22%3A%22https%3A%2F%2Fwww.ajio.com%2Fajio-text-print-crew-neck-t-shirt%2Fp%2F460089058_wine%22%2C%22__BRAND__%22%3A%22AJIO%22%2C%22__MEDIUM_DEFAULT_IMAGE__%22%3A%22https%3A%2F%2Frescdn.atomex.net%2Fdims3%2F12AB%2Fresize%2F100x100%2Cq_50%2Fhttps%3A%2F%2Fwww.ajio.com%2Fmedias%2Fsys_master%2Froot%2Fhb1%2Fh02%2F10373324046366%2F-473Wx593H-460089058-wine-MODEL.jpg%22%2C%22__TITLE__%22%3A%22Fully%20Analog%20Wall%20Clock%22%2C%22__SALE_PRICE__%22%3A%22180.0%22%7D%2C%0A%7B%22__DEFAULT_IMAGE__%22%3A%22https%3A%2F%2Frukminim1.flixcart.com%2Fimage%2F600%2F600%2Fj9lnyq80%2Fwet-grinder%2Fz%2Fh%2Fn%2Faura-preethi-original-imaezc98jf6fyybf.jpeg%3Fq%3D90%22%2C%22__LARGE_DEFAULT_IMAGE__%22%3A%22https%3A%2F%2Frukminim1.flixcart.com%2Fimage%2F600%2F600%2Fj9lnyq80%2Fwet-grinder%2Fz%2Fh%2Fn%2Faura-preethi-original-imaezc98jf6fyybf.jpeg%3Fq%3D90%22%2C%22__ORIGINAL_PRICE__%22%3A%228285.00%22%2C%22__PAGE_LINK__%22%3A%22http%3A%2F%2Fwww.flipkart.com%2Fpreethi-aura-wet-grinder%2Fp%2Fitmezcwq5n4qw2kz%3Fpid%3DWTGEZCWQRNJEZZHN%26cmpid%3Dcontent_appretar_ElectricAppliances_KitchenAppliances_revx%22%2C%22__BRAND__%22%3A%22Preethi%22%2C%22__MEDIUM_DEFAULT_IMAGE__%22%3A%22https%3A%2F%2Frescdn.atomex.net%2Fdims3%2F12AB%2Fresize%2F100x100%2Cq_50%2Fhttps%3A%2F%2Fwww.ajio.com%2Fmedias%2Fsys_master%2Froot%2Fhb1%2Fh02%2F10373324046366%2F-473Wx593H-460089058-wine-MODEL.jpg%22%2C%22__TITLE__%22%3A%22Preethi%20Aura%20Wet%20Grinder%22%2C%22__SALE_PRICE__%22%3A%227699.00%22%7D%2C%0A%7B%22__DEFAULT_IMAGE__%22%3A%22https%3A%2F%2Frukminim1.flixcart.com%2Fimage%2F600%2F600%2Fjg2kqkw0%2Fwallet-card-wallet%2Fr%2Fz%2Fb%2Fartificial-leather-78-isr-078-wallet-puma-original-imaf4dguabfmqbyd.jpeg%3Fq%3D90%22%2C%22__LARGE_DEFAULT_IMAGE__%22%3A%22https%3A%2F%2Frukminim1.flixcart.com%2Fimage%2F600%2F600%2Fjg2kqkw0%2Fwallet-card-wallet%2Fr%2Fz%2Fb%2Fartificial-leather-78-isr-078-wallet-puma-original-imaf4dguabfmqbyd.jpeg%3Fq%3D90%22%2C%22__ORIGINAL_PRICE__%22%3A%22990.00%22%2C%22__PAGE_LINK__%22%3A%22http%3A%2F%2Fwww.flipkart.com%2Fpuma-men-brown-artificial-leather-wallet%2Fp%2Fitmf4dmhdnw5zgyd%3Fpid%3DWCWF4DJGMWHUCRZB%26cmpid%3Dcontent_appretar_MenAccessory_MenFashionAccessory_revx%22%2C%22__BRAND__%22%3A%22Puma%22%2C%22__MEDIUM_DEFAULT_IMAGE__%22%3A%22https%3A%2F%2Frescdn.atomex.net%2Fdims3%2F12AB%2Fresize%2F100x100%2Cq_50%2Fhttps%3A%2F%2Fwww.ajio.com%2Fmedias%2Fsys_master%2Froot%2Fhb1%2Fh02%2F10373324046366%2F-473Wx593H-460089058-wine-MODEL.jpg%22%2C%22__TITLE__%22%3A%22Puma%20Men%20Brown%20Artificial%20Leather%20Wallet%22%2C%22__SALE_PRICE__%22%3A%22349.00%22%7D%0A%5D",
    "Dimension":"320x480","layout":"Venilla_Scroll","logo":"*%20%7B%0A%20%20%20%20%20%20%20%20%20%20%20%20font-family%3A%20Roboto%3B%0A%20%20%20%20%20%20%20%20%7D%0A%0A%20%20%20%20%20%20%20%20.logo%20%7B%0A%20%20%20%20%20%20%20%20%20%20%20%20background-image%3A%20url(https%3A%2F%2Fcdn.atomex.net%2Fcreatives%2F6804%2F1510644987687_49876871_images%2Flogo.png)%3B%0A%20%20%20%20%20%20%20%20%20%20%20%20background-position%3A%20center%3B%0A%20%20%20%20%20%20%20%20%20%20%20%20background-repeat%3A%20no-repeat%3B%0A%20%20%20%20%20%20%20%20%20%20%20%20background-color%3A%20%232173f7%3B%0A%20%20%20%20%20%20%20%20%7D%0A%0A%20%20%20%20%20%20%20%20button%2C%0A%20%20%20%20%20%20%20%20.button%20%7B%0A%20%20%20%20%20%20%20%20%20%20%20%20background-color%3A%20%23ff6b00%3B%0A%20%20%20%20%20%20%20%20%20%20%20%20color%3A%20white%3B%0A%20%20%20%20%20%20%20%20%7D%0A%0A%20%20%20%20%20%20%20%20.discount%20%7B%0A%20%20%20%20%20%20%20%20%20%20%20%20color%3A%20%233a9c43%3B%0A%20%20%20%20%20%20%20%20%7D"

},{
	"Advertiser_Dimen":"AJIO",
    "Sample_Data":"%5B%7B%22__DEFAULT_IMAGE__%22%3A%22https%3A%2F%2Frescdn.atomex.net%2Fdims3%2F12AB%2Fresize%2F100x100%2Cq_50%2Fhttps%3A%2F%2Fwww.ajio.com%2Fmedias%2Fsys_master%2Froot%2Fhaf%2Fh94%2F10743204937758%2F-473Wx593H-460080144-navy-MODEL.jpg%22%2C%22__LARGE_DEFAULT_IMAGE__%22%3A%22https%3A%2F%2Frescdn.atomex.net%2Fdims3%2F12AB%2Fresize%2F460x460%2Cq_75%2Fhttps%3A%2F%2Fwww.ajio.com%2Fmedias%2Fsys_master%2Froot%2Fhaf%2Fh94%2F10743204937758%2F-473Wx593H-460080144-navy-MODEL.jpg%22%2C%22__ORIGINAL_PRICE__%22%3A%221699.0%22%2C%22__PAGE_LINK__%22%3A%22https%3A%2F%2Fwww.ajio.com%2Fajio-lace-up-n9-treated-sneakers%2Fp%2F460080144_navy%22%2C%22__BRAND__%22%3A%22AJIO%22%2C%22__MEDIUM_DEFAULT_IMAGE__%22%3A%22https%3A%2F%2Frescdn.atomex.net%2Fdims3%2F12AB%2Fresize%2F100x100%2Cq_50%2Fhttps%3A%2F%2Fwww.ajio.com%2Fmedias%2Fsys_master%2Froot%2Fhaf%2Fh94%2F10743204937758%2F-473Wx593H-460080144-navy-MODEL.jpg%22%2C%22__TITLE__%22%3A%22AJIO%20Men's%20Textured%20Sneakers%20(NAVY%20%2C%207)%22%2C%22__SALE_PRICE__%22%3A%22765.0%22%7D%0A%20%20%20%20%2C%7B%22__DEFAULT_IMAGE__%22%3A%22https%3A%2F%2Frescdn.atomex.net%2Fdims3%2F12AB%2Fresize%2F100x100%2Cq_50%2Fhttps%3A%2F%2Fwww.ajio.com%2Fmedias%2Fsys_master%2Froot%2Fhd8%2Fh2e%2F10945122140190%2F-473Wx593H-460167840-greymelange-MODEL.jpg%22%2C%22__LARGE_DEFAULT_IMAGE__%22%3A%22https%3A%2F%2Frescdn.atomex.net%2Fdims3%2F12AB%2Fresize%2F460x460%2Cq_75%2Fhttps%3A%2F%2Fwww.ajio.com%2Fmedias%2Fsys_master%2Froot%2Fhd8%2Fh2e%2F10945122140190%2F-473Wx593H-460167840-greymelange-MODEL.jpg%22%2C%22__ORIGINAL_PRICE__%22%3A%221899.0%22%2C%22__PAGE_LINK__%22%3A%22https%3A%2F%2Fwww.ajio.com%2Fthe-indian-garage-co-camouflage-print-cotton-joggers%2Fp%2F460167840_greymelange%22%2C%22__BRAND__%22%3A%22The%20Indian%20Garage%20Co%22%2C%22__MEDIUM_DEFAULT_IMAGE__%22%3A%22https%3A%2F%2Frescdn.atomex.net%2Fdims3%2F12AB%2Fresize%2F100x100%2Cq_50%2Fhttps%3A%2F%2Fwww.ajio.com%2Fmedias%2Fsys_master%2Froot%2Fhd8%2Fh2e%2F10945122140190%2F-473Wx593H-460167840-greymelange-MODEL.jpg%22%2C%22__TITLE__%22%3A%22The%20Indian%20Garage%20Co%20Men's%20Solid%20Track%20Pants%20(GREY%20MELANGE%20%2C%2034)%22%2C%22__SALE_PRICE__%22%3A%221139.0%22%7D%0A%20%20%20%20%2C%7B%22__DEFAULT_IMAGE__%22%3A%22https%3A%2F%2Frescdn.atomex.net%2Fdims3%2F12AB%2Fresize%2F100x100%2Cq_50%2Fhttps%3A%2F%2Fwww.ajio.com%2Fmedias%2Fsys_master%2Froot%2Fhb1%2Fh02%2F10373324046366%2F-473Wx593H-460089058-wine-MODEL.jpg%22%2C%22__LARGE_DEFAULT_IMAGE__%22%3A%22https%3A%2F%2Frescdn.atomex.net%2Fdims3%2F12AB%2Fresize%2F460x460%2Cq_75%2Fhttps%3A%2F%2Fwww.ajio.com%2Fmedias%2Fsys_master%2Froot%2Fhb1%2Fh02%2F10373324046366%2F-473Wx593H-460089058-wine-MODEL.jpg%22%2C%22__ORIGINAL_PRICE__%22%3A%22399.0%22%2C%22__PAGE_LINK__%22%3A%22https%3A%2F%2Fwww.ajio.com%2Fajio-text-print-crew-neck-t-shirt%2Fp%2F460089058_wine%22%2C%22__BRAND__%22%3A%22AJIO%22%2C%22__MEDIUM_DEFAULT_IMAGE__%22%3A%22https%3A%2F%2Frescdn.atomex.net%2Fdims3%2F12AB%2Fresize%2F100x100%2Cq_50%2Fhttps%3A%2F%2Fwww.ajio.com%2Fmedias%2Fsys_master%2Froot%2Fhb1%2Fh02%2F10373324046366%2F-473Wx593H-460089058-wine-MODEL.jpg%22%2C%22__TITLE__%22%3A%22AJIO%20Men's%20Typographic%20Tshirts%20(WINE%20%2C%20S)%22%2C%22__SALE_PRICE__%22%3A%22180.0%22%7D%0A%20%20%20%20%2C%7B%22__DEFAULT_IMAGE__%22%3A%22https%3A%2F%2Frescdn.atomex.net%2Fdims3%2F12AB%2Fresize%2F100x100%2Cq_50%2Fhttps%3A%2F%2Fwww.ajio.com%2Fmedias%2Fsys_master%2Froot%2Fh58%2Fhdd%2F10395203141662%2F-473Wx593H-410060917-wr69-MODEL.jpg%22%2C%22__LARGE_DEFAULT_IMAGE__%22%3A%22https%3A%2F%2Frescdn.atomex.net%2Fdims3%2F12AB%2Fresize%2F460x460%2Cq_75%2Fhttps%3A%2F%2Fwww.ajio.com%2Fmedias%2Fsys_master%2Froot%2Fh58%2Fhdd%2F10395203141662%2F-473Wx593H-410060917-wr69-MODEL.jpg%22%2C%22__ORIGINAL_PRICE__%22%3A%228990.0%22%2C%22__PAGE_LINK__%22%3A%22https%3A%2F%2Fwww.ajio.com%2Fgas-mid-wash-slim-fit-anders-jeans%2Fp%2F410060917_wr69%22%2C%22__BRAND__%22%3A%22GAS%22%2C%22__MEDIUM_DEFAULT_IMAGE__%22%3A%22https%3A%2F%2Frescdn.atomex.net%2Fdims3%2F12AB%2Fresize%2F100x100%2Cq_50%2Fhttps%3A%2F%2Fwww.ajio.com%2Fmedias%2Fsys_master%2Froot%2Fh58%2Fhdd%2F10395203141662%2F-473Wx593H-410060917-wr69-MODEL.jpg%22%2C%22__TITLE__%22%3A%22GAS%20Men's%20Dyed%2FWashed%20Jeans%20(WR69%20%2C%2036)%22%2C%22__SALE_PRICE__%22%3A%225394.0%22%7D%5D",
    "Dimension":"320x480","layout":"productview","logo":"%20%20.logo%7B%0A%20%20%20%20background-image%3A%20url(http%3A%2F%2Fcdn.atomex.net%2Fcreatives%2F7051%2F1499237334644_73346440_images%2Flogo.png)%3B%0A%20%20%7D%0A%20%20.button%7B%0A%20%20%20%20background%3A%20%23bb870c%3B%0A%20%20%7D"

},{
	"Advertiser_Dimen":"Zivame",
    "Sample_Data":"%5B%7B%0A%20%20%20%20%20%20%20%20%20%20%20%20%22__DEFAULT_IMAGE__%22%3A%20%22http%3A%2F%2Fcdn.zivame.com%2Fmedia%2Fzcmsimages%2Fconfigimages%2FZI6192-Lavender%2F1_xlarge.jpg%22%2C%0A%20%20%20%20%20%20%20%20%20%20%20%20%22__LARGE_DEFAULT_IMAGE__%22%3A%22http%3A%2F%2Fcdn.zivame.com%2Fmedia%2Fzcmsimages%2Fconfigimages%2FZI6192-Lavender%2F1_xlarge.jpg%22%2C%0A%20%20%20%20%20%20%20%20%20%20%20%20%22__TITLE__%22%3A%20%22Zelocity%20Skin%20Fit%20Graphic%20Printed%20Leggings%20Blue%22%2C%0A%20%20%20%20%20%20%20%20%20%20%20%20%22__ORIGINAL_PRICE__%22%3A%20%222995.00%22%2C%0A%20%20%20%20%20%20%20%20%20%20%20%20%22__SALE_PRICE__%22%3A%20%221797.00%22%2C%0A%20%20%20%20%20%20%20%20%20%20%20%20%22__PAGE_LINK__%22%3A%20%22https%3A%2F%2Fwww.zivame.com%2Fzelocity-ultimate-skin-fit-training-pant.html%22%2C%0A%20%20%20%20%20%20%20%20%7D%2C%20%7B%0A%20%20%20%20%20%20%20%20%20%20%20%20%22__DEFAULT_IMAGE__%22%3A%20%22http%3A%2F%2Fcdn.zivame.com%2Fmedia%2Fzcmsimages%2Fconfigimages%2FZI6192-Pink%2F1_xlarge.jpg%22%2C%22__LARGE_DEFAULT_IMAGE__%22%3A%20%22http%3A%2F%2Fcdn.zivame.com%2Fmedia%2Fzcmsimages%2Fconfigimages%2FZI6192-Pink%2F1_xlarge.jpg%22%2C%0A%20%20%20%20%20%20%20%20%20%20%20%20%22__TITLE__%22%3A%20%22Zivame%20Crazy%20Farm%20Sleep%20Top%20n%20Pyjama%20Set%20Blue%20n%20Cream%22%2C%0A%20%20%20%20%20%20%20%20%20%20%20%20%22__ORIGINAL_PRICE__%22%3A%20%221195.00%22%2C%0A%20%20%20%20%20%20%20%20%20%20%20%20%22__SALE_PRICE__%22%3A%20%221095.00%22%2C%0A%20%20%20%20%20%20%20%20%20%20%20%20%22__PAGE_LINK__%22%3A%20%22https%3A%2F%2Fwww.zivame.com%2Fzivame-crazy-farm-sleep-top-n-pyjama-set-blue-n-cream.html%22%2C%0A%20%20%20%20%20%20%20%20%7D%2C%20%7B%0A%20%20%20%20%20%20%20%20%20%20%20%20%22__DEFAULT_IMAGE__%22%3A%20%22http%3A%2F%2Fcdn.zivame.com%2Fmedia%2Fzcmsimages%2Fconfigimages%2FZI6013-Navy%2F1_xlarge.jpg%22%2C%22__LARGE_DEFAULT_IMAGE__%22%3A%20%22http%3A%2F%2Fcdn.zivame.com%2Fmedia%2Fzcmsimages%2Fconfigimages%2FZI6013-Navy%2F1_xlarge.jpg%22%2C%0A%20%20%20%20%20%20%20%20%20%20%20%20%22__TITLE__%22%3A%20%22Zivame%20Crazy%20Farm%20Sleep%20Top%20n%20Pyjama%20Set%20Cream%20n%20Navy%22%2C%0A%20%20%20%20%20%20%20%20%20%20%20%20%22__ORIGINAL_PRICE__%22%3A%20%221095.00%22%2C%0A%20%20%20%20%20%20%20%20%20%20%20%20%22__SALE_PRICE__%22%3A%20%221095.00%22%2C%0A%20%20%20%20%20%20%20%20%20%20%20%20%22__PAGE_LINK__%22%3A%20%22https%3A%2F%2Fwww.zivame.com%2Fzivame-crazy-farm-sleep-top-n-pyjama-set-cream-n-navy.html%22%2C%0A%20%20%20%20%20%20%20%20%7D%2C%20%7B%0A%20%20%20%20%20%20%20%20%20%20%20%20%22__DEFAULT_IMAGE__%22%3A%20%22http%3A%2F%2Fcdn.zivame.com%2Fmedia%2Fzcmsimages%2Fconfigimages%2FZATP426A-Maroon%2F1_xlarge.jpg%22%2C%22__LARGE_DEFAULT_IMAGE__%22%3A%20%22http%3A%2F%2Fcdn.zivame.com%2Fmedia%2Fzcmsimages%2Fconfigimages%2FZATP426A-Maroon%2F1_xlarge.jpg%22%2C%0A%20%20%20%20%20%20%20%20%20%20%20%20%22__TITLE__%22%3A%20%22Zivame%20Crazy%20Farm%20Sleep%20Top%20n%20Pyjama%20Set%20Cream%22%2C%0A%20%20%20%20%20%20%20%20%20%20%20%20%22__ORIGINAL_PRICE__%22%3A%20%229951%22%2C%0A%20%20%20%20%20%20%20%20%20%20%20%20%22__SALE_PRICE__%22%3A%20%2261%22%2C%0A%20%20%20%20%20%20%20%20%20%20%20%20%22__PAGE_LINK__%22%3A%20%22https%3A%2F%2Fwww.zivame.com%2Fzivame-crazy-farm-sleep-top-n-pyjama-set-cream.html%22%2C%0A%20%20%20%20%20%20%20%20%7D%5D",
    "Dimension":"320x480","layout":"Gridview","logo":".logo%7B%0A%20%20%20%20%20%20%20%20%20%20%20%20background-position%3A%20center%3B%0Abackground-size%3A%20114px%3B%0Abackground-repeat%3A%20no-repeat%3B%0A%20%20%20%20%20%20%20%20%20%7D%0A%20%20%20%20%20%20%20%20%20.logo%7B%0A%20%20%20%20%20%20%20%20%20%20%20%20background-image%3A%20url(https%3A%2F%2Fcdn.atomex.net%2Fcreatives%2F7062%2F1505111740428_17404281_images%2Flogo.png)%3B%0A%20%20%20%20%20%20%20%20%20%7D%0A%20%20%20%20%20%20%20%20%20.button%2Cbutton%7B%0A%20%20%20%20%20%20%20%20%20%20background%3A%20%23e91e63%3B%20%20%0A%20%20%20%20%20%20%20%20%20%7Dspan.discount%2Cspan.discoun%7B%0A%20%20%20%20%20%20%20%20%20%20%20color%3A%20%23e91e63%3B%20%0A%20%20%20%20%20%20%20%20%20%7D"

},{
	"Advertiser_Dimen":"Zivame",
    "Sample_Data":"%5B%7B%0A%20%20%20%20%20%20%20%20%20%20%20%20%22__DEFAULT_IMAGE__%22%3A%20%22http%3A%2F%2Fcdn.zivame.com%2Fmedia%2Fzcmsimages%2Fconfigimages%2FW2470022-Blue%20Mesh%20Print%2F1_xlarge.jpg%22%2C%0A%20%20%20%20%20%20%20%20%20%20%20%20%22__LARGE_DEFAULT_IMAGE__%22%3A%22http%3A%2F%2Fcdn.zivame.com%2Fmedia%2Fzcmsimages%2Fconfigimages%2FW2470022-Blue%2520Mesh%2520Print%2F1_xlarge.jpg%22%2C%0A%20%20%20%20%20%20%20%20%20%20%20%20%22__TITLE__%22%3A%20%22Zelocity%20Skin%20Fit%20Graphic%20Printed%20Leggings%20Blue%22%2C%0A%20%20%20%20%20%20%20%20%20%20%20%20%22__ORIGINAL_PRICE__%22%3A%20%222995.00%22%2C%0A%20%20%20%20%20%20%20%20%20%20%20%20%22__SALE_PRICE__%22%3A%20%221797.00%22%2C%0A%20%20%20%20%20%20%20%20%20%20%20%20%22__PAGE_LINK__%22%3A%20%22https%3A%2F%2Fwww.zivame.com%2Fzelocity-ultimate-skin-fit-training-pant.html%22%2C%0A%20%20%20%20%20%20%20%20%7D%2C%20%7B%0A%20%20%20%20%20%20%20%20%20%20%20%20%22__DEFAULT_IMAGE__%22%3A%20%22http%3A%2F%2Fcdn.zivame.com%2Fmedia%2Fzcmsimages%2Fconfigimages%2FZI6011-Blue%2F1_xlarge.jpg%22%2C%22__LARGE_DEFAULT_IMAGE__%22%3A%20%22http%3A%2F%2Fcdn.zivame.com%2Fmedia%2Fzcmsimages%2Fconfigimages%2FZI6011-Blue%2F1_xlarge.jpg%22%2C%0A%20%20%20%20%20%20%20%20%20%20%20%20%22__TITLE__%22%3A%20%22Zivame%20Crazy%20Farm%20Sleep%20Top%20n%20Pyjama%20Set%20Blue%20n%20Cream%22%2C%0A%20%20%20%20%20%20%20%20%20%20%20%20%22__ORIGINAL_PRICE__%22%3A%20%221195.00%22%2C%0A%20%20%20%20%20%20%20%20%20%20%20%20%22__SALE_PRICE__%22%3A%20%221095.00%22%2C%0A%20%20%20%20%20%20%20%20%20%20%20%20%22__PAGE_LINK__%22%3A%20%22https%3A%2F%2Fwww.zivame.com%2Fzivame-crazy-farm-sleep-top-n-pyjama-set-blue-n-cream.html%22%2C%0A%20%20%20%20%20%20%20%20%7D%2C%20%7B%0A%20%20%20%20%20%20%20%20%20%20%20%20%22__DEFAULT_IMAGE__%22%3A%20%22http%3A%2F%2Fcdn.zivame.com%2Fmedia%2Fzcmsimages%2Fconfigimages%2FZI6013-Navy%2F1_xlarge.jpg%22%2C%22__LARGE_DEFAULT_IMAGE__%22%3A%20%22http%3A%2F%2Fcdn.zivame.com%2Fmedia%2Fzcmsimages%2Fconfigimages%2FZI6013-Navy%2F1_xlarge.jpg%22%2C%0A%20%20%20%20%20%20%20%20%20%20%20%20%22__TITLE__%22%3A%20%22Zivame%20Crazy%20Farm%20Sleep%20Top%20n%20Pyjama%20Set%20Cream%20n%20Navy%22%2C%0A%20%20%20%20%20%20%20%20%20%20%20%20%22__ORIGINAL_PRICE__%22%3A%20%221095.00%22%2C%0A%20%20%20%20%20%20%20%20%20%20%20%20%22__SALE_PRICE__%22%3A%20%221095.00%22%2C%0A%20%20%20%20%20%20%20%20%20%20%20%20%22__PAGE_LINK__%22%3A%20%22https%3A%2F%2Fwww.zivame.com%2Fzivame-crazy-farm-sleep-top-n-pyjama-set-cream-n-navy.html%22%2C%0A%20%20%20%20%20%20%20%20%7D%2C%20%7B%0A%20%20%20%20%20%20%20%20%20%20%20%20%22__DEFAULT_IMAGE__%22%3A%20%22http%3A%2F%2Fcdn.zivame.com%2Fmedia%2Fzcmsimages%2Fconfigimages%2FZI6014-Off%20White%2F1_xlarge.jpg%22%2C%22__LARGE_DEFAULT_IMAGE__%22%3A%20%22http%3A%2F%2Fcdn.zivame.com%2Fmedia%2Fzcmsimages%2Fconfigimages%2FZI6014-Off%2520White%2F1_xlarge.jpg%22%2C%0A%20%20%20%20%20%20%20%20%20%20%20%20%22__TITLE__%22%3A%20%22Zivame%20Crazy%20Farm%20Sleep%20Top%20n%20Pyjama%20Set%20Cream%22%2C%0A%20%20%20%20%20%20%20%20%20%20%20%20%22__ORIGINAL_PRICE__%22%3A%20%229951%22%2C%0A%20%20%20%20%20%20%20%20%20%20%20%20%22__SALE_PRICE__%22%3A%20%2261%22%2C%0A%20%20%20%20%20%20%20%20%20%20%20%20%22__PAGE_LINK__%22%3A%20%22https%3A%2F%2Fwww.zivame.com%2Fzivame-crazy-farm-sleep-top-n-pyjama-set-cream.html%22%2C%0A%20%20%20%20%20%20%20%20%7D%5D",
    "Dimension":"320x480","layout":"productview","logo":".logo%7B%0A%20%20%20%20%20%20%20%20%20%20%20%20background-position%3A%20center%3B%0Abackground-size%3A%20114px%3B%0Abackground-repeat%3A%20no-repeat%3B%0A%20%20%20%20%20%20%20%20%20%7D%0A%20%20%20%20%20%20%20%20%20.logo%7B%0A%20%20%20%20%20%20%20%20%20%20%20%20background-image%3A%20url(https%3A%2F%2Fcdn.atomex.net%2Fcreatives%2F7062%2F1505111740428_17404281_images%2Flogo.png)%3B%0A%20%20%20%20%20%20%20%20%20%7D%0A%20%20%20%20%20%20%20%20%20.button%2Cbutton%7B%0A%20%20%20%20%20%20%20%20%20%20background%3A%20%23e91e63%3B%20%20%0A%20%20%20%20%20%20%20%20%20%7Dspan.discount%2Cspan.discoun%7B%0A%20%20%20%20%20%20%20%20%20%20%20color%3A%20%23e91e63%3B%20%0A%20%20%20%20%20%20%20%20%20%7D"

},{
	"Advertiser_Dimen":"Zivame",
    "Sample_Data":"%5B%7B%0A%20%20%20%20%20%20%20%20%20%20%20%20%22__DEFAULT_IMAGE__%22%3A%20%22http%3A%2F%2Fcdn.zivame.com%2Fmedia%2Fzcmsimages%2Fconfigimages%2FW2470022-Blue%20Mesh%20Print%2F1_xlarge.jpg%22%2C%0A%20%20%20%20%20%20%20%20%20%20%20%20%22__LARGE_DEFAULT_IMAGE__%22%3A%22http%3A%2F%2Fcdn.zivame.com%2Fmedia%2Fzcmsimages%2Fconfigimages%2FW2470022-Blue%2520Mesh%2520Print%2F1_xlarge.jpg%22%2C%0A%20%20%20%20%20%20%20%20%20%20%20%20%22__TITLE__%22%3A%20%22Zelocity%20Skin%20Fit%20Graphic%20Printed%20Leggings%20Blue%22%2C%0A%20%20%20%20%20%20%20%20%20%20%20%20%22__ORIGINAL_PRICE__%22%3A%20%222995.00%22%2C%0A%20%20%20%20%20%20%20%20%20%20%20%20%22__SALE_PRICE__%22%3A%20%221797.00%22%2C%0A%20%20%20%20%20%20%20%20%20%20%20%20%22__PAGE_LINK__%22%3A%20%22https%3A%2F%2Fwww.zivame.com%2Fzelocity-ultimate-skin-fit-training-pant.html%22%2C%0A%20%20%20%20%20%20%20%20%7D%2C%20%7B%0A%20%20%20%20%20%20%20%20%20%20%20%20%22__DEFAULT_IMAGE__%22%3A%20%22http%3A%2F%2Fcdn.zivame.com%2Fmedia%2Fzcmsimages%2Fconfigimages%2FZI6011-Blue%2F1_xlarge.jpg%22%2C%22__LARGE_DEFAULT_IMAGE__%22%3A%20%22http%3A%2F%2Fcdn.zivame.com%2Fmedia%2Fzcmsimages%2Fconfigimages%2FZI6011-Blue%2F1_xlarge.jpg%22%2C%0A%20%20%20%20%20%20%20%20%20%20%20%20%22__TITLE__%22%3A%20%22Zivame%20Crazy%20Farm%20Sleep%20Top%20n%20Pyjama%20Set%20Blue%20n%20Cream%22%2C%0A%20%20%20%20%20%20%20%20%20%20%20%20%22__ORIGINAL_PRICE__%22%3A%20%221195.00%22%2C%0A%20%20%20%20%20%20%20%20%20%20%20%20%22__SALE_PRICE__%22%3A%20%221095.00%22%2C%0A%20%20%20%20%20%20%20%20%20%20%20%20%22__PAGE_LINK__%22%3A%20%22https%3A%2F%2Fwww.zivame.com%2Fzivame-crazy-farm-sleep-top-n-pyjama-set-blue-n-cream.html%22%2C%0A%20%20%20%20%20%20%20%20%7D%2C%20%7B%0A%20%20%20%20%20%20%20%20%20%20%20%20%22__DEFAULT_IMAGE__%22%3A%20%22http%3A%2F%2Fcdn.zivame.com%2Fmedia%2Fzcmsimages%2Fconfigimages%2FZI6013-Navy%2F1_xlarge.jpg%22%2C%22__LARGE_DEFAULT_IMAGE__%22%3A%20%22http%3A%2F%2Fcdn.zivame.com%2Fmedia%2Fzcmsimages%2Fconfigimages%2FZI6013-Navy%2F1_xlarge.jpg%22%2C%0A%20%20%20%20%20%20%20%20%20%20%20%20%22__TITLE__%22%3A%20%22Zivame%20Crazy%20Farm%20Sleep%20Top%20n%20Pyjama%20Set%20Cream%20n%20Navy%22%2C%0A%20%20%20%20%20%20%20%20%20%20%20%20%22__ORIGINAL_PRICE__%22%3A%20%221095.00%22%2C%0A%20%20%20%20%20%20%20%20%20%20%20%20%22__SALE_PRICE__%22%3A%20%221095.00%22%2C%0A%20%20%20%20%20%20%20%20%20%20%20%20%22__PAGE_LINK__%22%3A%20%22https%3A%2F%2Fwww.zivame.com%2Fzivame-crazy-farm-sleep-top-n-pyjama-set-cream-n-navy.html%22%2C%0A%20%20%20%20%20%20%20%20%7D%2C%20%7B%0A%20%20%20%20%20%20%20%20%20%20%20%20%22__DEFAULT_IMAGE__%22%3A%20%22http%3A%2F%2Fcdn.zivame.com%2Fmedia%2Fzcmsimages%2Fconfigimages%2FZI6014-Off%20White%2F1_xlarge.jpg%22%2C%22__LARGE_DEFAULT_IMAGE__%22%3A%20%22http%3A%2F%2Fcdn.zivame.com%2Fmedia%2Fzcmsimages%2Fconfigimages%2FZI6014-Off%2520White%2F1_xlarge.jpg%22%2C%0A%20%20%20%20%20%20%20%20%20%20%20%20%22__TITLE__%22%3A%20%22Zivame%20Crazy%20Farm%20Sleep%20Top%20n%20Pyjama%20Set%20Cream%22%2C%0A%20%20%20%20%20%20%20%20%20%20%20%20%22__ORIGINAL_PRICE__%22%3A%20%229951%22%2C%0A%20%20%20%20%20%20%20%20%20%20%20%20%22__SALE_PRICE__%22%3A%20%2261%22%2C%0A%20%20%20%20%20%20%20%20%20%20%20%20%22__PAGE_LINK__%22%3A%20%22https%3A%2F%2Fwww.zivame.com%2Fzivame-crazy-farm-sleep-top-n-pyjama-set-cream.html%22%2C%0A%20%20%20%20%20%20%20%20%7D%5D",
    "Dimension":"320x480","layout":"Tab_Swiper","logo":".logo%7B%0A%20%20%20%20%20%20%20%20%20%20%20%20background-position%3A%20center%3B%0Abackground-size%3A%20114px%3B%0Abackground-repeat%3A%20no-repeat%3B%0A%20%20%20%20%20%20%20%20%20%7D%0A%20%20%20%20%20%20%20%20%20.logo%7B%0A%20%20%20%20%20%20%20%20%20%20%20%20background-image%3A%20url(https%3A%2F%2Fcdn.atomex.net%2Fcreatives%2F7062%2F1505111740428_17404281_images%2Flogo.png)%3B%0A%20%20%20%20%20%20%20%20%20%7D%0A%20%20%20%20%20%20%20%20%20.button%2Cbutton%7B%0A%20%20%20%20%20%20%20%20%20%20background%3A%20%23e91e63%3B%20%20%0A%20%20%20%20%20%20%20%20%20%7Dspan.discount%2Cspan.discoun%7B%0A%20%20%20%20%20%20%20%20%20%20%20color%3A%20%23e91e63%3B%20%0A%20%20%20%20%20%20%20%20%20%7D"

},{
	"Advertiser_Dimen":"Zivame",
    "Sample_Data":"%5B%7B%0A%20%20%20%20%20%20%20%20%20%20%20%20%22__DEFAULT_IMAGE__%22%3A%20%22http%3A%2F%2Fcdn.zivame.com%2Fmedia%2Fzcmsimages%2Fconfigimages%2FW2470022-Blue%20Mesh%20Print%2F1_xlarge.jpg%22%2C%0A%20%20%20%20%20%20%20%20%20%20%20%20%22__LARGE_DEFAULT_IMAGE__%22%3A%22http%3A%2F%2Fcdn.zivame.com%2Fmedia%2Fzcmsimages%2Fconfigimages%2FW2470022-Blue%2520Mesh%2520Print%2F1_xlarge.jpg%22%2C%0A%20%20%20%20%20%20%20%20%20%20%20%20%22__TITLE__%22%3A%20%22Zelocity%20Skin%20Fit%20Graphic%20Printed%20Leggings%20Blue%22%2C%0A%20%20%20%20%20%20%20%20%20%20%20%20%22__ORIGINAL_PRICE__%22%3A%20%222995.00%22%2C%0A%20%20%20%20%20%20%20%20%20%20%20%20%22__SALE_PRICE__%22%3A%20%221797.00%22%2C%0A%20%20%20%20%20%20%20%20%20%20%20%20%22__PAGE_LINK__%22%3A%20%22https%3A%2F%2Fwww.zivame.com%2Fzelocity-ultimate-skin-fit-training-pant.html%22%2C%0A%20%20%20%20%20%20%20%20%7D%2C%20%7B%0A%20%20%20%20%20%20%20%20%20%20%20%20%22__DEFAULT_IMAGE__%22%3A%20%22http%3A%2F%2Fcdn.zivame.com%2Fmedia%2Fzcmsimages%2Fconfigimages%2FZI6011-Blue%2F1_xlarge.jpg%22%2C%22__LARGE_DEFAULT_IMAGE__%22%3A%20%22http%3A%2F%2Fcdn.zivame.com%2Fmedia%2Fzcmsimages%2Fconfigimages%2FZI6011-Blue%2F1_xlarge.jpg%22%2C%0A%20%20%20%20%20%20%20%20%20%20%20%20%22__TITLE__%22%3A%20%22Zivame%20Crazy%20Farm%20Sleep%20Top%20n%20Pyjama%20Set%20Blue%20n%20Cream%22%2C%0A%20%20%20%20%20%20%20%20%20%20%20%20%22__ORIGINAL_PRICE__%22%3A%20%221195.00%22%2C%0A%20%20%20%20%20%20%20%20%20%20%20%20%22__SALE_PRICE__%22%3A%20%221095.00%22%2C%0A%20%20%20%20%20%20%20%20%20%20%20%20%22__PAGE_LINK__%22%3A%20%22https%3A%2F%2Fwww.zivame.com%2Fzivame-crazy-farm-sleep-top-n-pyjama-set-blue-n-cream.html%22%2C%0A%20%20%20%20%20%20%20%20%7D%2C%20%7B%0A%20%20%20%20%20%20%20%20%20%20%20%20%22__DEFAULT_IMAGE__%22%3A%20%22http%3A%2F%2Fcdn.zivame.com%2Fmedia%2Fzcmsimages%2Fconfigimages%2FZI6013-Navy%2F1_xlarge.jpg%22%2C%22__LARGE_DEFAULT_IMAGE__%22%3A%20%22http%3A%2F%2Fcdn.zivame.com%2Fmedia%2Fzcmsimages%2Fconfigimages%2FZI6013-Navy%2F1_xlarge.jpg%22%2C%0A%20%20%20%20%20%20%20%20%20%20%20%20%22__TITLE__%22%3A%20%22Zivame%20Crazy%20Farm%20Sleep%20Top%20n%20Pyjama%20Set%20Cream%20n%20Navy%22%2C%0A%20%20%20%20%20%20%20%20%20%20%20%20%22__ORIGINAL_PRICE__%22%3A%20%221095.00%22%2C%0A%20%20%20%20%20%20%20%20%20%20%20%20%22__SALE_PRICE__%22%3A%20%221095.00%22%2C%0A%20%20%20%20%20%20%20%20%20%20%20%20%22__PAGE_LINK__%22%3A%20%22https%3A%2F%2Fwww.zivame.com%2Fzivame-crazy-farm-sleep-top-n-pyjama-set-cream-n-navy.html%22%2C%0A%20%20%20%20%20%20%20%20%7D%5D",
    "Dimension":"320x480","layout":"Massive","logo":".logo%7B%0A%20%20%20%20%20%20%20%20%20%20%20%20background-position%3A%20center%3B%0Abackground-size%3A%20114px%3B%0Abackground-repeat%3A%20no-repeat%3B%0A%20%20%20%20%20%20%20%20%20%7D%0A%20%20%20%20%20%20%20%20%20.logo%7B%0A%20%20%20%20%20%20%20%20%20%20%20%20background-image%3A%20url(https%3A%2F%2Fcdn.atomex.net%2Fcreatives%2F7062%2F1505111740428_17404281_images%2Flogo.png)%3B%0A%20%20%20%20%20%20%20%20%20%7D%0A%20%20%20%20%20%20%20%20%20.button%2Cbutton%7B%0A%20%20%20%20%20%20%20%20%20%20background%3A%20%23e91e63%3B%20%20%0A%20%20%20%20%20%20%20%20%20%7Dspan.discount%2Cspan.discoun%7B%0A%20%20%20%20%20%20%20%20%20%20%20color%3A%20%23e91e63%3B%20%0A%20%20%20%20%20%20%20%20%20%7D*%7Bfont-family%3A%20Helvetica%20Neue%2C%20Helvetica%2C%20Arial%2C%20sans-serif%3B%7D"

},{
	"Advertiser_Dimen":"Zivame",
    "Sample_Data":"%5B%7B%0A%20%20%20%20%20%20%20%20%20%20%20%20%22__DEFAULT_IMAGE__%22%3A%20%22http%3A%2F%2Fcdn.zivame.com%2Fmedia%2Fzcmsimages%2Fconfigimages%2FW2470022-Blue%20Mesh%20Print%2F1_xlarge.jpg%22%2C%0A%20%20%20%20%20%20%20%20%20%20%20%20%22__LARGE_DEFAULT_IMAGE__%22%3A%22http%3A%2F%2Fcdn.zivame.com%2Fmedia%2Fzcmsimages%2Fconfigimages%2FW2470022-Blue%2520Mesh%2520Print%2F1_xlarge.jpg%22%2C%0A%20%20%20%20%20%20%20%20%20%20%20%20%22__TITLE__%22%3A%20%22Zelocity%20Skin%20Fit%20Graphic%20Printed%20Leggings%20Blue%22%2C%0A%20%20%20%20%20%20%20%20%20%20%20%20%22__ORIGINAL_PRICE__%22%3A%20%222995.00%22%2C%0A%20%20%20%20%20%20%20%20%20%20%20%20%22__SALE_PRICE__%22%3A%20%221797.00%22%2C%0A%20%20%20%20%20%20%20%20%20%20%20%20%22__PAGE_LINK__%22%3A%20%22https%3A%2F%2Fwww.zivame.com%2Fzelocity-ultimate-skin-fit-training-pant.html%22%2C%0A%20%20%20%20%20%20%20%20%7D%2C%20%7B%0A%20%20%20%20%20%20%20%20%20%20%20%20%22__DEFAULT_IMAGE__%22%3A%20%22http%3A%2F%2Fcdn.zivame.com%2Fmedia%2Fzcmsimages%2Fconfigimages%2FZI6011-Blue%2F1_xlarge.jpg%22%2C%22__LARGE_DEFAULT_IMAGE__%22%3A%20%22http%3A%2F%2Fcdn.zivame.com%2Fmedia%2Fzcmsimages%2Fconfigimages%2FZI6011-Blue%2F1_xlarge.jpg%22%2C%0A%20%20%20%20%20%20%20%20%20%20%20%20%22__TITLE__%22%3A%20%22Zivame%20Crazy%20Farm%20Sleep%20Top%20n%20Pyjama%20Set%20Blue%20n%20Cream%22%2C%0A%20%20%20%20%20%20%20%20%20%20%20%20%22__ORIGINAL_PRICE__%22%3A%20%221195.00%22%2C%0A%20%20%20%20%20%20%20%20%20%20%20%20%22__SALE_PRICE__%22%3A%20%221095.00%22%2C%0A%20%20%20%20%20%20%20%20%20%20%20%20%22__PAGE_LINK__%22%3A%20%22https%3A%2F%2Fwww.zivame.com%2Fzivame-crazy-farm-sleep-top-n-pyjama-set-blue-n-cream.html%22%2C%0A%20%20%20%20%20%20%20%20%7D%2C%20%7B%0A%20%20%20%20%20%20%20%20%20%20%20%20%22__DEFAULT_IMAGE__%22%3A%20%22http%3A%2F%2Fcdn.zivame.com%2Fmedia%2Fzcmsimages%2Fconfigimages%2FZI6013-Navy%2F1_xlarge.jpg%22%2C%22__LARGE_DEFAULT_IMAGE__%22%3A%20%22http%3A%2F%2Fcdn.zivame.com%2Fmedia%2Fzcmsimages%2Fconfigimages%2FZI6013-Navy%2F1_xlarge.jpg%22%2C%0A%20%20%20%20%20%20%20%20%20%20%20%20%22__TITLE__%22%3A%20%22Zivame%20Crazy%20Farm%20Sleep%20Top%20n%20Pyjama%20Set%20Cream%20n%20Navy%22%2C%0A%20%20%20%20%20%20%20%20%20%20%20%20%22__ORIGINAL_PRICE__%22%3A%20%221095.00%22%2C%0A%20%20%20%20%20%20%20%20%20%20%20%20%22__SALE_PRICE__%22%3A%20%221095.00%22%2C%0A%20%20%20%20%20%20%20%20%20%20%20%20%22__PAGE_LINK__%22%3A%20%22https%3A%2F%2Fwww.zivame.com%2Fzivame-crazy-farm-sleep-top-n-pyjama-set-cream-n-navy.html%22%2C%0A%20%20%20%20%20%20%20%20%7D%2C%20%7B%0A%20%20%20%20%20%20%20%20%20%20%20%20%22__DEFAULT_IMAGE__%22%3A%20%22http%3A%2F%2Fcdn.zivame.com%2Fmedia%2Fzcmsimages%2Fconfigimages%2FZABM12-Beige%2F1_xlarge.jpg%22%2C%22__LARGE_DEFAULT_IMAGE__%22%3A%20%22http%3A%2F%2Fcdn.zivame.com%2Fmedia%2Fzcmsimages%2Fconfigimages%2FZABM12-Beige%2F1_xlarge.jpg%22%2C%0A%20%20%20%20%20%20%20%20%20%20%20%20%22__TITLE__%22%3A%20%22Zivame%20Chambray%20Paper%20Bag%20Waist%20Pants%20Beige%22%2C%0A%20%20%20%20%20%20%20%20%20%20%20%20%22__ORIGINAL_PRICE__%22%3A%20%221595.00%22%2C%0A%20%20%20%20%20%20%20%20%20%20%20%20%22__SALE_PRICE__%22%3A%20%22957.00%22%2C%0A%20%20%20%20%20%20%20%20%20%20%20%20%22__PAGE_LINK__%22%3A%20%22https%3A%2F%2Fwww.zivame.com%2Fzivame-chambray-paper-bag-waist-pants-beige.html%22%2C%0A%20%20%20%20%20%20%20%20%7D%2C%20%7B%0A%20%20%20%20%20%20%20%20%20%20%20%20%22__DEFAULT_IMAGE__%22%3A%20%22http%3A%2F%2Fcdn.zivame.com%2Fmedia%2Fzcmsimages%2Fconfigimages%2FZC0404A0F5-Black%2F1_xlarge.jpg%22%2C%22__LARGE_DEFAULT_IMAGE__%22%3A%20%22http%3A%2F%2Fcdn.zivame.com%2Fmedia%2Fzcmsimages%2Fconfigimages%2FZC0404A0F5-Black%2F1_xlarge.jpg%22%2C%0A%20%20%20%20%20%20%20%20%20%20%20%20%22__TITLE__%22%3A%20%22Zelocity%20Rising%20Phoenix%20Graphic%20Print%20Tank%20Top%20Black%22%2C%0A%20%20%20%20%20%20%20%20%20%20%20%20%22__ORIGINAL_PRICE__%22%3A%20%22417.00%22%2C%0A%20%20%20%20%20%20%20%20%20%20%20%20%22__SALE_PRICE__%22%3A%20%22695.00%22%2C%0A%20%20%20%20%20%20%20%20%20%20%20%20%22__PAGE_LINK__%22%3A%20%22https%3A%2F%2Fwww.zivame.com%2Fseagull-graphic-print-tank-top-black-by-zelocity.html%22%2C%0A%20%20%20%20%20%20%20%20%7D%5D",
    "Dimension":"320x480","layout":"Venilla_Scroll","logo":".logo%7B%0A%20%20%20%20%20%20%20%20%20%20%20%20background-position%3A%20center%3B%0Abackground-size%3A%20114px%3B%0Abackground-repeat%3A%20no-repeat%3B%0A%20%20%20%20%20%20%20%20%20%7D%0A%20%20%20%20%20%20%20%20%20.logo%7B%0A%20%20%20%20%20%20%20%20%20%20%20%20background-image%3A%20url(https%3A%2F%2Fcdn.atomex.net%2Fcreatives%2F7062%2F1505111740428_17404281_images%2Flogo.png)%3B%0A%20%20%20%20%20%20%20%20%20%7D%0A%20%20%20%20%20%20%20%20%20.button%2Cbutton%7B%0A%20%20%20%20%20%20%20%20%20%20background%3A%20%23e91e63%3B%20%20%0A%20%20%20%20%20%20%20%20%20%7Dspan.discount%2Cspan.discoun%7B%0A%20%20%20%20%20%20%20%20%20%20%20color%3A%20%23e91e63%3B%20%0A%20%20%20%20%20%20%20%20%20%7D*%7Bfont-family%3A%20Helvetica%20Neue%2C%20Helvetica%2C%20Arial%2C%20sans-serif%3B%7D"

},{
	"Advertiser_Dimen":"AJIO",
    "Sample_Data":"%5B%7B%22__DEFAULT_IMAGE__%22%3A%22https%3A%2F%2Frescdn.atomex.net%2Fdims3%2F12AB%2Fresize%2F100x100%2Cq_50%2Fhttps%3A%2F%2Fwww.ajio.com%2Fmedias%2Fsys_master%2Froot%2Fhaf%2Fh94%2F10743204937758%2F-473Wx593H-460080144-navy-MODEL.jpg%22%2C%22__LARGE_DEFAULT_IMAGE__%22%3A%22https%3A%2F%2Frescdn.atomex.net%2Fdims3%2F12AB%2Fresize%2F460x460%2Cq_75%2Fhttps%3A%2F%2Fwww.ajio.com%2Fmedias%2Fsys_master%2Froot%2Fhaf%2Fh94%2F10743204937758%2F-473Wx593H-460080144-navy-MODEL.jpg%22%2C%22__ORIGINAL_PRICE__%22%3A%221699.0%22%2C%22__PAGE_LINK__%22%3A%22https%3A%2F%2Fwww.ajio.com%2Fajio-lace-up-n9-treated-sneakers%2Fp%2F460080144_navy%22%2C%22__BRAND__%22%3A%22AJIO%22%2C%22__MEDIUM_DEFAULT_IMAGE__%22%3A%22https%3A%2F%2Frescdn.atomex.net%2Fdims3%2F12AB%2Fresize%2F100x100%2Cq_50%2Fhttps%3A%2F%2Fwww.ajio.com%2Fmedias%2Fsys_master%2Froot%2Fhaf%2Fh94%2F10743204937758%2F-473Wx593H-460080144-navy-MODEL.jpg%22%2C%22__TITLE__%22%3A%22AJIO%20Men's%20Textured%20Sneakers%20(NAVY%20%2C%207)%22%2C%22__SALE_PRICE__%22%3A%22765.0%22%7D%0A%20%20%20%20%2C%7B%22__DEFAULT_IMAGE__%22%3A%22https%3A%2F%2Frescdn.atomex.net%2Fdims3%2F12AB%2Fresize%2F100x100%2Cq_50%2Fhttps%3A%2F%2Fwww.ajio.com%2Fmedias%2Fsys_master%2Froot%2Fhd8%2Fh2e%2F10945122140190%2F-473Wx593H-460167840-greymelange-MODEL.jpg%22%2C%22__LARGE_DEFAULT_IMAGE__%22%3A%22https%3A%2F%2Frescdn.atomex.net%2Fdims3%2F12AB%2Fresize%2F460x460%2Cq_75%2Fhttps%3A%2F%2Fwww.ajio.com%2Fmedias%2Fsys_master%2Froot%2Fhd8%2Fh2e%2F10945122140190%2F-473Wx593H-460167840-greymelange-MODEL.jpg%22%2C%22__ORIGINAL_PRICE__%22%3A%221899.0%22%2C%22__PAGE_LINK__%22%3A%22https%3A%2F%2Fwww.ajio.com%2Fthe-indian-garage-co-camouflage-print-cotton-joggers%2Fp%2F460167840_greymelange%22%2C%22__BRAND__%22%3A%22The%20Indian%20Garage%20Co%22%2C%22__MEDIUM_DEFAULT_IMAGE__%22%3A%22https%3A%2F%2Frescdn.atomex.net%2Fdims3%2F12AB%2Fresize%2F100x100%2Cq_50%2Fhttps%3A%2F%2Fwww.ajio.com%2Fmedias%2Fsys_master%2Froot%2Fhd8%2Fh2e%2F10945122140190%2F-473Wx593H-460167840-greymelange-MODEL.jpg%22%2C%22__TITLE__%22%3A%22The%20Indian%20Garage%20Co%20Men's%20Solid%20Track%20Pants%20(GREY%20MELANGE%20%2C%2034)%22%2C%22__SALE_PRICE__%22%3A%221139.0%22%7D%0A%20%20%20%20%2C%7B%22__DEFAULT_IMAGE__%22%3A%22https%3A%2F%2Frescdn.atomex.net%2Fdims3%2F12AB%2Fresize%2F100x100%2Cq_50%2Fhttps%3A%2F%2Fwww.ajio.com%2Fmedias%2Fsys_master%2Froot%2Fhb1%2Fh02%2F10373324046366%2F-473Wx593H-460089058-wine-MODEL.jpg%22%2C%22__LARGE_DEFAULT_IMAGE__%22%3A%22https%3A%2F%2Frescdn.atomex.net%2Fdims3%2F12AB%2Fresize%2F460x460%2Cq_75%2Fhttps%3A%2F%2Fwww.ajio.com%2Fmedias%2Fsys_master%2Froot%2Fhb1%2Fh02%2F10373324046366%2F-473Wx593H-460089058-wine-MODEL.jpg%22%2C%22__ORIGINAL_PRICE__%22%3A%22399.0%22%2C%22__PAGE_LINK__%22%3A%22https%3A%2F%2Fwww.ajio.com%2Fajio-text-print-crew-neck-t-shirt%2Fp%2F460089058_wine%22%2C%22__BRAND__%22%3A%22AJIO%22%2C%22__MEDIUM_DEFAULT_IMAGE__%22%3A%22https%3A%2F%2Frescdn.atomex.net%2Fdims3%2F12AB%2Fresize%2F100x100%2Cq_50%2Fhttps%3A%2F%2Fwww.ajio.com%2Fmedias%2Fsys_master%2Froot%2Fhb1%2Fh02%2F10373324046366%2F-473Wx593H-460089058-wine-MODEL.jpg%22%2C%22__TITLE__%22%3A%22AJIO%20Men's%20Typographic%20Tshirts%20(WINE%20%2C%20S)%22%2C%22__SALE_PRICE__%22%3A%22180.0%22%7D%0A%20%20%20%20%2C%7B%22__DEFAULT_IMAGE__%22%3A%22https%3A%2F%2Frescdn.atomex.net%2Fdims3%2F12AB%2Fresize%2F100x100%2Cq_50%2Fhttps%3A%2F%2Fwww.ajio.com%2Fmedias%2Fsys_master%2Froot%2Fh58%2Fhdd%2F10395203141662%2F-473Wx593H-410060917-wr69-MODEL.jpg%22%2C%22__LARGE_DEFAULT_IMAGE__%22%3A%22https%3A%2F%2Frescdn.atomex.net%2Fdims3%2F12AB%2Fresize%2F460x460%2Cq_75%2Fhttps%3A%2F%2Fwww.ajio.com%2Fmedias%2Fsys_master%2Froot%2Fh58%2Fhdd%2F10395203141662%2F-473Wx593H-410060917-wr69-MODEL.jpg%22%2C%22__ORIGINAL_PRICE__%22%3A%228990.0%22%2C%22__PAGE_LINK__%22%3A%22https%3A%2F%2Fwww.ajio.com%2Fgas-mid-wash-slim-fit-anders-jeans%2Fp%2F410060917_wr69%22%2C%22__BRAND__%22%3A%22GAS%22%2C%22__MEDIUM_DEFAULT_IMAGE__%22%3A%22https%3A%2F%2Frescdn.atomex.net%2Fdims3%2F12AB%2Fresize%2F100x100%2Cq_50%2Fhttps%3A%2F%2Fwww.ajio.com%2Fmedias%2Fsys_master%2Froot%2Fh58%2Fhdd%2F10395203141662%2F-473Wx593H-410060917-wr69-MODEL.jpg%22%2C%22__TITLE__%22%3A%22GAS%20Men's%20Dyed%2FWashed%20Jeans%20(WR69%20%2C%2036)%22%2C%22__SALE_PRICE__%22%3A%225394.0%22%7D%5D",
    "Dimension":"320x480","layout":"Gridview","logo":"%20%20.logo%7B%0A%20%20%20%20background-image%3A%20url(http%3A%2F%2Fcdn.atomex.net%2Fcreatives%2F7051%2F1499237334644_73346440_images%2Flogo.png)%3B%0A%20%20%20%20background-size%3A%20contain%3B%0A%20%20%20%20background-repeat%3A%20no-repeat%3B%0A%20%20%20%20background-position%3A%20center%3B%0A%20%20%7D%0A%20%20.button%2Cbutton%7B%0A%20%20%20%20background%3A%20%23bb870c%3B%0A%20%20%7D"

},{
	"Advertiser_Dimen":"AJIO",
    "Sample_Data":"%5B%7B%22__DEFAULT_IMAGE__%22%3A%22https%3A%2F%2Frescdn.atomex.net%2Fdims3%2F12AB%2Fresize%2F100x100%2Cq_50%2Fhttps%3A%2F%2Fwww.ajio.com%2Fmedias%2Fsys_master%2Froot%2Fhaf%2Fh94%2F10743204937758%2F-473Wx593H-460080144-navy-MODEL.jpg%22%2C%22__LARGE_DEFAULT_IMAGE__%22%3A%22https%3A%2F%2Frescdn.atomex.net%2Fdims3%2F12AB%2Fresize%2F460x460%2Cq_75%2Fhttps%3A%2F%2Fwww.ajio.com%2Fmedias%2Fsys_master%2Froot%2Fhaf%2Fh94%2F10743204937758%2F-473Wx593H-460080144-navy-MODEL.jpg%22%2C%22__ORIGINAL_PRICE__%22%3A%221699.0%22%2C%22__PAGE_LINK__%22%3A%22https%3A%2F%2Fwww.ajio.com%2Fajio-lace-up-n9-treated-sneakers%2Fp%2F460080144_navy%22%2C%22__BRAND__%22%3A%22AJIO%22%2C%22__MEDIUM_DEFAULT_IMAGE__%22%3A%22https%3A%2F%2Frescdn.atomex.net%2Fdims3%2F12AB%2Fresize%2F100x100%2Cq_50%2Fhttps%3A%2F%2Fwww.ajio.com%2Fmedias%2Fsys_master%2Froot%2Fhaf%2Fh94%2F10743204937758%2F-473Wx593H-460080144-navy-MODEL.jpg%22%2C%22__TITLE__%22%3A%22AJIO%20Men's%20Textured%20Sneakers%20(NAVY%20%2C%207)%22%2C%22__SALE_PRICE__%22%3A%22765.0%22%7D%0A%20%20%20%20%2C%7B%22__DEFAULT_IMAGE__%22%3A%22https%3A%2F%2Frescdn.atomex.net%2Fdims3%2F12AB%2Fresize%2F100x100%2Cq_50%2Fhttps%3A%2F%2Fwww.ajio.com%2Fmedias%2Fsys_master%2Froot%2Fhd8%2Fh2e%2F10945122140190%2F-473Wx593H-460167840-greymelange-MODEL.jpg%22%2C%22__LARGE_DEFAULT_IMAGE__%22%3A%22https%3A%2F%2Frescdn.atomex.net%2Fdims3%2F12AB%2Fresize%2F460x460%2Cq_75%2Fhttps%3A%2F%2Fwww.ajio.com%2Fmedias%2Fsys_master%2Froot%2Fhd8%2Fh2e%2F10945122140190%2F-473Wx593H-460167840-greymelange-MODEL.jpg%22%2C%22__ORIGINAL_PRICE__%22%3A%221899.0%22%2C%22__PAGE_LINK__%22%3A%22https%3A%2F%2Fwww.ajio.com%2Fthe-indian-garage-co-camouflage-print-cotton-joggers%2Fp%2F460167840_greymelange%22%2C%22__BRAND__%22%3A%22The%20Indian%20Garage%20Co%22%2C%22__MEDIUM_DEFAULT_IMAGE__%22%3A%22https%3A%2F%2Frescdn.atomex.net%2Fdims3%2F12AB%2Fresize%2F100x100%2Cq_50%2Fhttps%3A%2F%2Fwww.ajio.com%2Fmedias%2Fsys_master%2Froot%2Fhd8%2Fh2e%2F10945122140190%2F-473Wx593H-460167840-greymelange-MODEL.jpg%22%2C%22__TITLE__%22%3A%22The%20Indian%20Garage%20Co%20Men's%20Solid%20Track%20Pants%20(GREY%20MELANGE%20%2C%2034)%22%2C%22__SALE_PRICE__%22%3A%221139.0%22%7D%0A%20%20%20%20%2C%7B%22__DEFAULT_IMAGE__%22%3A%22https%3A%2F%2Frescdn.atomex.net%2Fdims3%2F12AB%2Fresize%2F100x100%2Cq_50%2Fhttps%3A%2F%2Fwww.ajio.com%2Fmedias%2Fsys_master%2Froot%2Fhb1%2Fh02%2F10373324046366%2F-473Wx593H-460089058-wine-MODEL.jpg%22%2C%22__LARGE_DEFAULT_IMAGE__%22%3A%22https%3A%2F%2Frescdn.atomex.net%2Fdims3%2F12AB%2Fresize%2F460x460%2Cq_75%2Fhttps%3A%2F%2Fwww.ajio.com%2Fmedias%2Fsys_master%2Froot%2Fhb1%2Fh02%2F10373324046366%2F-473Wx593H-460089058-wine-MODEL.jpg%22%2C%22__ORIGINAL_PRICE__%22%3A%22399.0%22%2C%22__PAGE_LINK__%22%3A%22https%3A%2F%2Fwww.ajio.com%2Fajio-text-print-crew-neck-t-shirt%2Fp%2F460089058_wine%22%2C%22__BRAND__%22%3A%22AJIO%22%2C%22__MEDIUM_DEFAULT_IMAGE__%22%3A%22https%3A%2F%2Frescdn.atomex.net%2Fdims3%2F12AB%2Fresize%2F100x100%2Cq_50%2Fhttps%3A%2F%2Fwww.ajio.com%2Fmedias%2Fsys_master%2Froot%2Fhb1%2Fh02%2F10373324046366%2F-473Wx593H-460089058-wine-MODEL.jpg%22%2C%22__TITLE__%22%3A%22AJIO%20Men's%20Typographic%20Tshirts%20(WINE%20%2C%20S)%22%2C%22__SALE_PRICE__%22%3A%22180.0%22%7D%0A%20%20%20%5D",
    "Dimension":"320x480","layout":"Massive","logo":"%20%20.logo%7B%0A%20%20%20%20background-image%3A%20url(http%3A%2F%2Fcdn.atomex.net%2Fcreatives%2F7051%2F1499237334644_73346440_images%2Flogo.png)%3B%0A%20%20%20%20background-size%3A%20contain%3B%0A%20%20%20%20background-repeat%3A%20no-repeat%3B%0A%20%20%20%20background-position%3A%20center%3B%0A%20%20%7D%0A%20%20.button%2Cbutton%7B%0A%20%20%20%20background%3A%20%23bb870c%3B%0A%20%20%7D*%7B%0Afont-family%3A%20'Open%20Sans'%2C%20sans-serif%3B%0A%7D"

},{
	"Advertiser_Dimen":"AJIO",
    "Sample_Data":"%5B%7B%22__DEFAULT_IMAGE__%22%3A%22https%3A%2F%2Frescdn.atomex.net%2Fdims3%2F12AB%2Fresize%2F100x100%2Cq_50%2Fhttps%3A%2F%2Fwww.ajio.com%2Fmedias%2Fsys_master%2Froot%2Fhaf%2Fh94%2F10743204937758%2F-473Wx593H-460080144-navy-MODEL.jpg%22%2C%22__LARGE_DEFAULT_IMAGE__%22%3A%22https%3A%2F%2Frescdn.atomex.net%2Fdims3%2F12AB%2Fresize%2F460x460%2Cq_75%2Fhttps%3A%2F%2Fwww.ajio.com%2Fmedias%2Fsys_master%2Froot%2Fhaf%2Fh94%2F10743204937758%2F-473Wx593H-460080144-navy-MODEL.jpg%22%2C%22__ORIGINAL_PRICE__%22%3A%221699.0%22%2C%22__PAGE_LINK__%22%3A%22https%3A%2F%2Fwww.ajio.com%2Fajio-lace-up-n9-treated-sneakers%2Fp%2F460080144_navy%22%2C%22__BRAND__%22%3A%22AJIO%22%2C%22__MEDIUM_DEFAULT_IMAGE__%22%3A%22https%3A%2F%2Frescdn.atomex.net%2Fdims3%2F12AB%2Fresize%2F100x100%2Cq_50%2Fhttps%3A%2F%2Fwww.ajio.com%2Fmedias%2Fsys_master%2Froot%2Fhaf%2Fh94%2F10743204937758%2F-473Wx593H-460080144-navy-MODEL.jpg%22%2C%22__TITLE__%22%3A%22AJIO%20Men's%20Textured%20Sneakers%20(NAVY%20%2C%207)%22%2C%22__SALE_PRICE__%22%3A%22765.0%22%7D%0A%20%20%20%20%2C%7B%22__DEFAULT_IMAGE__%22%3A%22https%3A%2F%2Frescdn.atomex.net%2Fdims3%2F12AB%2Fresize%2F100x100%2Cq_50%2Fhttps%3A%2F%2Fwww.ajio.com%2Fmedias%2Fsys_master%2Froot%2Fhd8%2Fh2e%2F10945122140190%2F-473Wx593H-460167840-greymelange-MODEL.jpg%22%2C%22__LARGE_DEFAULT_IMAGE__%22%3A%22https%3A%2F%2Frescdn.atomex.net%2Fdims3%2F12AB%2Fresize%2F460x460%2Cq_75%2Fhttps%3A%2F%2Fwww.ajio.com%2Fmedias%2Fsys_master%2Froot%2Fhd8%2Fh2e%2F10945122140190%2F-473Wx593H-460167840-greymelange-MODEL.jpg%22%2C%22__ORIGINAL_PRICE__%22%3A%221899.0%22%2C%22__PAGE_LINK__%22%3A%22https%3A%2F%2Fwww.ajio.com%2Fthe-indian-garage-co-camouflage-print-cotton-joggers%2Fp%2F460167840_greymelange%22%2C%22__BRAND__%22%3A%22The%20Indian%20Garage%20Co%22%2C%22__MEDIUM_DEFAULT_IMAGE__%22%3A%22https%3A%2F%2Frescdn.atomex.net%2Fdims3%2F12AB%2Fresize%2F100x100%2Cq_50%2Fhttps%3A%2F%2Fwww.ajio.com%2Fmedias%2Fsys_master%2Froot%2Fhd8%2Fh2e%2F10945122140190%2F-473Wx593H-460167840-greymelange-MODEL.jpg%22%2C%22__TITLE__%22%3A%22The%20Indian%20Garage%20Co%20Men's%20Solid%20Track%20Pants%20(GREY%20MELANGE%20%2C%2034)%22%2C%22__SALE_PRICE__%22%3A%221139.0%22%7D%0A%20%20%20%20%2C%7B%22__DEFAULT_IMAGE__%22%3A%22https%3A%2F%2Frescdn.atomex.net%2Fdims3%2F12AB%2Fresize%2F100x100%2Cq_50%2Fhttps%3A%2F%2Fwww.ajio.com%2Fmedias%2Fsys_master%2Froot%2Fhb1%2Fh02%2F10373324046366%2F-473Wx593H-460089058-wine-MODEL.jpg%22%2C%22__LARGE_DEFAULT_IMAGE__%22%3A%22https%3A%2F%2Frescdn.atomex.net%2Fdims3%2F12AB%2Fresize%2F460x460%2Cq_75%2Fhttps%3A%2F%2Fwww.ajio.com%2Fmedias%2Fsys_master%2Froot%2Fhb1%2Fh02%2F10373324046366%2F-473Wx593H-460089058-wine-MODEL.jpg%22%2C%22__ORIGINAL_PRICE__%22%3A%22399.0%22%2C%22__PAGE_LINK__%22%3A%22https%3A%2F%2Fwww.ajio.com%2Fajio-text-print-crew-neck-t-shirt%2Fp%2F460089058_wine%22%2C%22__BRAND__%22%3A%22AJIO%22%2C%22__MEDIUM_DEFAULT_IMAGE__%22%3A%22https%3A%2F%2Frescdn.atomex.net%2Fdims3%2F12AB%2Fresize%2F100x100%2Cq_50%2Fhttps%3A%2F%2Fwww.ajio.com%2Fmedias%2Fsys_master%2Froot%2Fhb1%2Fh02%2F10373324046366%2F-473Wx593H-460089058-wine-MODEL.jpg%22%2C%22__TITLE__%22%3A%22AJIO%20Men's%20Typographic%20Tshirts%20(WINE%20%2C%20S)%22%2C%22__SALE_PRICE__%22%3A%22180.0%22%7D%2C%7B%22__DEFAULT_IMAGE__%22%3A%22https%3A%2F%2Fwww.ajio.com%2Fmedias%2Fsys_master%2Froot%2Fhd0%2Fhf6%2F11200888045598%2F-473Wx593H-460151897-greymelange-MODEL.jpg%22%2C%22__LARGE_DEFAULT_IMAGE__%22%3A%22https%3A%2F%2Fwww.ajio.com%2Fmedias%2Fsys_master%2Froot%2Fhd0%2Fhf6%2F11200888045598%2F-473Wx593H-460151897-greymelange-MODEL.jpg%22%2C%22__ORIGINAL_PRICE__%22%3A%223199.0%22%2C%22__PAGE_LINK__%22%3A%22https%3A%2F%2Fwww.ajio.com%2Fajio-cropped-joggers-with-drawstring-waist%2Fp%2F460151897_greymelange%22%2C%22__BRAND__%22%3A%22AJIO%22%2C%22__MEDIUM_DEFAULT_IMAGE__%22%3A%22https%3A%2F%2Frescdn.atomex.net%2Fdims3%2F12AB%2Fresize%2F100x100%2Cq_50%2Fhttps%3A%2F%2Fwww.ajio.com%2Fmedias%2Fsys_master%2Froot%2Fhb1%2Fh02%2F10373324046366%2F-473Wx593H-460089058-wine-MODEL.jpg%22%2C%22__TITLE__%22%3A%22AJIO%20Men's%20Heathered%20Track%20Pants%20(GREY%20MELANGE%20%2C%20M)%22%2C%22__SALE_PRICE__%22%3A%221999.00%22%7D%0A%20%20%20%5D",
    "Dimension":"320x480","layout":"Venilla_Scroll","logo":"%20%20.logo%7B%0A%20%20%20%20background-image%3A%20url(http%3A%2F%2Fcdn.atomex.net%2Fcreatives%2F7051%2F1499237334644_73346440_images%2Flogo.png)%3B%0A%20%20%20%20background-size%3A%20contain%3B%0A%20%20%20%20background-repeat%3A%20no-repeat%3B%0A%20%20%20%20background-position%3A%20center%3B%0A%20%20%7D%0A%20%20.button%2Cbutton%7B%0A%20%20%20%20background%3A%20%23bb870c%3B%0A%20%20%7D*%7B%0Afont-family%3A%20'Open%20Sans'%2C%20sans-serif%3B%0A%7D"

}]